insert into Personas (id_persona, dni, nombre, ap_paterno, ap_materno, direccion, fecha_nac) values
(1, '48590606', 'Laura', 'Pérez', 'Ramírez', 'Av. La Marina 519', '1996-07-21'),
(2, '28416021', 'Eduardo', 'Flores', 'Sánchez', 'Jr. de la Unión 641', '2002-11-23'),
(3, '19004745', 'Luis', 'Ortega', 'Rodríguez', 'Av. Angamos 649', '1997-02-26'),
(4, '75320541', 'Patricia', 'Sánchez', 'Ortega', 'Av. Angamos 523', '1990-09-09'),
(5, '95137057', 'Verónica', 'Herrera', 'Chávez', 'Av. Venezuela 272', '1994-05-28'),
(6, '44089101', 'Eduardo', 'Chávez', 'Reyes', 'Av. Brasil 331', '1998-09-12'),
(7, '68518091', 'Andrés', 'González', 'Ríos', 'Av. Universitaria 844', '1998-04-08'),
(8, '90401787', 'Fernando', 'Mendoza', 'Chávez', 'Av. La Marina 965', '1996-11-21'),
(9, '15767034', 'Ana', 'Herrera', 'Herrera', 'Av. Abancay 267', '1995-02-28'),
(10, '80763261', 'Fernando', 'Ramírez', 'Sánchez', 'Av. Javier Prado 983', '1998-02-09'),
(11, '30829047', 'Carmen', 'Díaz', 'Ramírez', 'Av. Arequipa 369', '1996-02-03'),
(12, '66380239', 'Carlos', 'Chávez', 'Rodríguez', 'Av. Brasil 586', '1999-12-05'),
(13, '85043567', 'Patricia', 'González', 'González', 'Av. Venezuela 981', '1993-09-19'),
(14, '74503874', 'Manuel', 'Pérez', 'Romero', 'Av. Universitaria 208', '1998-08-03'),
(15, '57563114', 'Patricia', 'Chávez', 'Chávez', 'Av. Brasil 226', '1992-05-15'),
(16, '74554690', 'Jorge', 'Sánchez', 'López', 'Av. Universitaria 981', '1994-10-18'),
(17, '69942690', 'Andrés', 'Martínez', 'Flores', 'Av. Venezuela 527', '1992-05-18'),
(18, '44650521', 'Jorge', 'Ortega', 'Rodríguez', 'Av. Universitaria 768', '2002-11-10'),
(19, '71741496', 'Diego', 'Ramírez', 'Ríos', 'Jr. de la Unión 288', '1991-08-13'),
(20, '46901668', 'Verónica', 'Ramírez', 'Mendoza', 'Av. Angamos 897', '2000-07-09'),
(21, '97463500', 'Carmen', 'Martínez', 'Reyes', 'Av. Venezuela 980', '1994-04-06'),
(22, '70169211', 'José', 'Vargas', 'Ramírez', 'Av. La Marina 687', '1999-01-23'),
(23, '87572990', 'Patricia', 'Vargas', 'López', 'Av. Abancay 115', '2001-12-30'),
(24, '76974246', 'Patricia', 'Chávez', 'Ramírez', 'Av. Javier Prado 238', '2000-03-29'),
(25, '49146016', 'Carlos', 'Castro', 'Torres', 'Jr. de la Unión 290', '1992-07-02'),
(26, '13047252', 'Laura', 'Vargas', 'González', 'Av. Venezuela 898', '1995-04-12'),
(27, '80029996', 'Juan', 'Chávez', 'Romero', 'Av. Venezuela 697', '1991-09-06'),
(28, '31142456', 'Manuel', 'Reyes', 'Chávez', 'Av. Benavides 386', '2002-06-02'),
(29, '34456948', 'Diego', 'González', 'Vargas', 'Av. Arequipa 206', '1991-04-04'),
(30, '23692816', 'Carmen', 'López', 'Pérez', 'Av. Arequipa 439', '2001-08-21'),
(31, '91754025', 'Lucía', 'Romero', 'González', 'Av. Abancay 714', '1995-08-14'),
(32, '86597190', 'María', 'Castro', 'Castro', 'Av. Abancay 313', '1998-01-12'),
(33, '77264063', 'Rosa', 'Flores', 'Vargas', 'Av. Arequipa 580', '1999-07-11'),
(34, '96679954', 'Eduardo', 'González', 'Ramírez', 'Av. Arequipa 351', '1991-09-18'),
(35, '92435633', 'Carmen', 'Reyes', 'Vargas', 'Av. Angamos 782', '1996-01-08'),
(36, '55921450', 'Manuel', 'Vargas', 'Ortega', 'Av. Angamos 512', '1997-05-21'),
(37, '10803443', 'Jorge', 'Díaz', 'Vargas', 'Av. Benavides 401', '1995-05-19'),
(38, '34220083', 'Silvia', 'Ortega', 'Ríos', 'Av. Benavides 534', '2000-05-23'),
(39, '99034066', 'Fernando', 'Romero', 'Castro', 'Av. Brasil 945', '2000-11-23'),
(40, '93780045', 'Andrés', 'Torres', 'Romero', 'Av. Venezuela 165', '1993-06-24'),
(41, '49143046', 'Carmen', 'Rodríguez', 'Ríos', 'Av. Brasil 685', '1999-05-27'),
(42, '23125534', 'Juan', 'Sánchez', 'Castro', 'Av. Benavides 151', '1998-02-12'),
(43, '12588302', 'Eduardo', 'Ortega', 'Ríos', 'Av. Universitaria 984', '1997-07-13'),
(44, '86754371', 'Ana', 'Reyes', 'González', 'Av. Javier Prado 331', '1998-11-14'),
(45, '79920374', 'Carlos', 'Martínez', 'Chávez', 'Av. Angamos 811', '1994-06-07'),
(46, '68173719', 'Lucía', 'Torres', 'Ramírez', 'Av. La Marina 418', '1991-01-22'),
(47, '79499485', 'Andrés', 'Castro', 'Flores', 'Av. Javier Prado 834', '1999-05-03'),
(48, '55837764', 'Patricia', 'López', 'Ramírez', 'Av. Brasil 504', '1990-03-29'),
(49, '50593842', 'Carlos', 'Ortega', 'Ríos', 'Av. Arequipa 890', '1991-08-03'),
(50, '17560374', 'Diego', 'Ortega', 'Reyes', 'Jr. de la Unión 521', '2002-03-31'),
(51, '93711045', 'Andrea', 'Torres', 'Romero', 'Av. Venezuela 113', '1993-12-24'),
(52, '40043046', 'Mariana', 'Rodríguez', 'Ríos', 'Av. Brasil 689', '1999-11-27'),
(53, '21225534', 'Juan', 'Sánchez', 'Perez', 'Av. Benavides 151', '1999-02-12'),
(54, '43545431', 'Diana', 'Ortega', 'Ríos', 'Av. Universitaria 984', '1996-07-13'),
(55, '86710371', 'Andres', 'Reyes', 'González', 'Av. Javier Prado 331', '1998-11-24'),
(56, '74920374', 'Pablo', 'Martínez', 'Chávez', 'Av. Angamos 811', '1994-06-17'),
(57, '28173719', 'Lucía', 'Torres', 'Zapata', 'Av. La Marina 418', '1991-01-02'),
(58, '30499485', 'Liliana', 'Castro', 'Flores', 'Av. Javier Prado 834', '1999-01-03'),
(59, '50837764', 'Patricia', 'Solis', 'Ramírez', 'Av. Brasil 504', '1990-03-19'),
(60, '54593842', 'Gabriela', 'Ortega', 'Vasquez', 'Av. Arequipa 891', '1991-01-23');

insert into TelefonosPersona (id_persona, telefono) values 
(1, '985124573'),
(2, '974678907'),
(3, '919228617'),
(4, '988497230'),
(5, '973482604'),
(6, '973670519'),
(7, '924642448'),
(8, '976015818'),
(9, '938955804'),
(10, '923519770'),
(11, '923063059'),
(12, '986605742'),
(13, '926699049'),
(14, '993843596'),
(15, '987781573'),
(16, '933238072'),
(17, '915284303'),
(18, '961753048'),
(19, '952582203'),
(20, '965991745'),
(21, '962263737'),
(22, '974891933'),
(23, '989190159'),
(24, '914196618'),
(25, '967364728'),
(26, '911448449'),
(27, '952588885'),
(28, '983643348'),
(29, '915962762'),
(30, '900084398'),
(31, '929186908'),
(32, '992706109'),
(33, '972942169'),
(34, '974623993'),
(35, '963728288'),
(36, '901848012'),
(37, '928565743'),
(38, '932333715'),
(39, '947496189'),
(40, '955900812'),
(41, '997161113'),
(42, '921916420'),
(43, '950335701'),
(44, '915260497'),
(45, '967437628'),
(46, '992006898'),
(47, '939541521'),
(48, '965088486'),
(49, '989648143'),
(50, '963368693');

insert into CorreosPersona (id_persona, correo) values 
(1, 'laura.perez50@yahoo.com'),
(2, 'eduardo.flores91@hotmail.com'),
(3, 'luis.ortega53@yahoo.com'),
(4, 'patricia.sanchez80@yahoo.com'),
(5, 'veronica.herrera91@gmail.com'),
(6, 'eduardo.chavez81@yahoo.com'),
(7, 'andres.gonzalez10@yahoo.com'),
(8, 'fernando.mendoza25@yahoo.com'),
(9, 'ana.herrera44@gmail.com'),
(10, 'fernando.ramirez65@yahoo.com'),
(11, 'carmen.diaz84@outlook.com'),
(12, 'carlos.chavez82@gmail.com'),
(13, 'patricia.gonzalez10@outlook.com'),
(14, 'manuel.perez83@outlook.com'),
(15, 'patricia.chavez53@hotmail.com'),
(16, 'jorge.sanchez25@outlook.com'),
(17, 'andres.martinez91@gmail.com'),
(18, 'jorge.ortega43@yahoo.com'),
(19, 'diego.ramirez24@hotmail.com'),
(20, 'veronica.ramirez26@yahoo.com'),
(21, 'carmen.martinez99@gmail.com'),
(22, 'jose.vargas80@gmail.com'),
(23, 'patricia.vargas16@outlook.com'),
(24, 'patricia.chavez10@yahoo.com'),
(25, 'carlos.castro37@yahoo.com'),
(26, 'laura.vargas38@gmail.com'),
(27, 'juan.chavez83@hotmail.com'),
(28, 'manuel.reyes58@hotmail.com'),
(29, 'diego.gonzalez43@yahoo.com'),
(30, 'carmen.lopez53@yahoo.com'),
(31, 'lucia.romero54@yahoo.com'),
(32, 'maria.castro87@outlook.com'),
(33, 'rosa.flores27@outlook.com'),
(34, 'eduardo.gonzalez86@outlook.com'),
(35, 'carmen.reyes78@outlook.com'),
(36, 'manuel.vargas29@outlook.com'),
(37, 'jorge.diaz52@yahoo.com'),
(38, 'silvia.ortega25@outlook.com'),
(39, 'fernando.romero94@gmail.com'),
(40, 'andres.torres22@outlook.com'),
(41, 'carmen.rodriguez14@hotmail.com'),
(42, 'juan.sanchez20@hotmail.com'),
(43, 'eduardo.ortega21@yahoo.com'),
(44, 'ana.reyes71@hotmail.com'),
(45, 'carlos.martinez43@hotmail.com'),
(46, 'lucia.torres82@gmail.com'),
(47, 'andres.castro71@yahoo.com'),
(48, 'patricia.lopez45@outlook.com'),
(49, 'carlos.ortega57@hotmail.com'),
(50, 'diego.ortega61@gmail.com');

insert into Ubigeos (id_ubigeo, departamento, provincia, distrito) values 
('010101', 'Chachapoyas', 'Chachapoyas', 'Amazonas'),
('010102', 'Asuncion', 'Chachapoyas', 'Amazonas'),
('010103', 'Balsas', 'Chachapoyas', 'Amazonas'),
('010104', 'Cheto', 'Chachapoyas', 'Amazonas'),
('010105', 'Chiliquin', 'Chachapoyas', 'Amazonas'),
('010106', 'Chuquibamba', 'Chachapoyas', 'Amazonas'),
('010107', 'Granada', 'Chachapoyas', 'Amazonas'),
('010108', 'Huancas', 'Chachapoyas', 'Amazonas'),
('010109', 'La Jalca', 'Chachapoyas', 'Amazonas'),
('010110', 'Leimebamba', 'Chachapoyas', 'Amazonas'),
('010111', 'Levanto', 'Chachapoyas', 'Amazonas'),
('010112', 'Magdalena', 'Chachapoyas', 'Amazonas'),
('010113', 'Mariscal Castilla', 'Chachapoyas', 'Amazonas'),
('010114', 'Molinopampa', 'Chachapoyas', 'Amazonas'),
('010115', 'Montevideo', 'Chachapoyas', 'Amazonas'),
('010116', 'Olleros', 'Chachapoyas', 'Amazonas'),
('010117', 'Quinjalca', 'Chachapoyas', 'Amazonas'),
('010118', 'San Francisco de Daguas', 'Chachapoyas', 'Amazonas'),
('010119', 'San Isidro de Maino', 'Chachapoyas', 'Amazonas'),
('010120', 'Soloco', 'Chachapoyas', 'Amazonas'),
('010121', 'Sonche', 'Chachapoyas', 'Amazonas'),
('010201', 'Bagua', 'Bagua', 'Amazonas'),
('010202', 'Aramango', 'Bagua', 'Amazonas'),
('010203', 'Copallin', 'Bagua', 'Amazonas'),
('010204', 'El Parco', 'Bagua', 'Amazonas'),
('010205', 'Imaza', 'Bagua', 'Amazonas'),
('010206', 'La Peca', 'Bagua', 'Amazonas'),
('010301', 'Jumbilla', 'Bongara', 'Amazonas'),
('010302', 'Chisquilla', 'Bongara', 'Amazonas'),
('010303', 'Churuja', 'Bongara', 'Amazonas'),
('010304', 'Corosha', 'Bongara', 'Amazonas'),
('010305', 'Cuispes', 'Bongara', 'Amazonas'),
('010306', 'Florida', 'Bongara', 'Amazonas'),
('010307', 'Jazan', 'Bongara', 'Amazonas'),
('010308', 'Recta', 'Bongara', 'Amazonas'),
('010309', 'San Carlos', 'Bongara', 'Amazonas'),
('010310', 'Shipasbamba', 'Bongara', 'Amazonas'),
('010311', 'Valera', 'Bongara', 'Amazonas'),
('010312', 'Yambrasbamba', 'Bongara', 'Amazonas'),
('010401', 'Nieva', 'Condorcanqui', 'Amazonas'),
('010402', 'El Cenepa', 'Condorcanqui', 'Amazonas'),
('010403', 'Rio Santiago', 'Condorcanqui', 'Amazonas'),
('010501', 'Lamud', 'Luya', 'Amazonas'),
('010502', 'Camporredondo', 'Luya', 'Amazonas'),
('010503', 'Cocabamba', 'Luya', 'Amazonas'),
('010504', 'Colcamar', 'Luya', 'Amazonas'),
('010505', 'Conila', 'Luya', 'Amazonas'),
('010506', 'Inguilpata', 'Luya', 'Amazonas'),
('010507', 'Longuita', 'Luya', 'Amazonas'),
('010508', 'Lonya Chico', 'Luya', 'Amazonas'),
('010509', 'Luya', 'Luya', 'Amazonas'),
('010510', 'Luya Viejo', 'Luya', 'Amazonas'),
('010511', 'Maria', 'Luya', 'Amazonas'),
('010512', 'Ocalli', 'Luya', 'Amazonas'),
('010513', 'Ocumal', 'Luya', 'Amazonas'),
('010514', 'Pisuquia', 'Luya', 'Amazonas'),
('010515', 'Providencia', 'Luya', 'Amazonas'),
('010516', 'San Cristobal', 'Luya', 'Amazonas'),
('010517', 'San Francisco del Yeso', 'Luya', 'Amazonas'),
('010518', 'San Jeronimo', 'Luya', 'Amazonas'),
('010519', 'San Juan de Lopecancha', 'Luya', 'Amazonas'),
('010520', 'Santa Catalina', 'Luya', 'Amazonas'),
('010521', 'Santo Tomas', 'Luya', 'Amazonas'),
('010522', 'Tingo', 'Luya', 'Amazonas'),
('010523', 'Trita', 'Luya', 'Amazonas'),
('010601', 'San Nicolas', 'Rodriguez de Mendoza', 'Amazonas'),
('010602', 'Chirimoto', 'Rodriguez de Mendoza', 'Amazonas'),
('010603', 'Cochamal', 'Rodriguez de Mendoza', 'Amazonas'),
('010604', 'Huambo', 'Rodriguez de Mendoza', 'Amazonas'),
('010605', 'Limabamba', 'Rodriguez de Mendoza', 'Amazonas'),
('010606', 'Longar', 'Rodriguez de Mendoza', 'Amazonas'),
('010607', 'Mariscal Benavides', 'Rodriguez de Mendoza', 'Amazonas'),
('010608', 'Milpuc', 'Rodriguez de Mendoza', 'Amazonas'),
('010609', 'Omia', 'Rodriguez de Mendoza', 'Amazonas'),
('010610', 'Santa Rosa', 'Rodriguez de Mendoza', 'Amazonas'),
('010611', 'Totora', 'Rodriguez de Mendoza', 'Amazonas'),
('010612', 'Vista Alegre', 'Rodriguez de Mendoza', 'Amazonas'),
('010701', 'Bagua Grande', 'Utcubamba', 'Amazonas'),
('010702', 'Cajaruro', 'Utcubamba', 'Amazonas'),
('010703', 'Cumba', 'Utcubamba', 'Amazonas'),
('010704', 'El Milagro', 'Utcubamba', 'Amazonas'),
('010705', 'Jamalca', 'Utcubamba', 'Amazonas'),
('010706', 'Lonya Grande', 'Utcubamba', 'Amazonas'),
('010707', 'Yamon', 'Utcubamba', 'Amazonas'),
('020101', 'Huaraz', 'Huaraz', 'Ancash'),
('020102', 'Cochabamba', 'Huaraz', 'Ancash'),
('020103', 'Colcabamba', 'Huaraz', 'Ancash'),
('020104', 'Huanchay', 'Huaraz', 'Ancash'),
('020105', 'Independencia', 'Huaraz', 'Ancash'),
('020106', 'Jangas', 'Huaraz', 'Ancash'),
('020107', 'La Libertad', 'Huaraz', 'Ancash'),
('020108', 'Olleros', 'Huaraz', 'Ancash'),
('020109', 'Pampas', 'Huaraz', 'Ancash'),
('020110', 'Pariacoto', 'Huaraz', 'Ancash'),
('020111', 'Pira', 'Huaraz', 'Ancash'),
('020112', 'Tarica', 'Huaraz', 'Ancash'),
('020201', 'Aija', 'Aija', 'Ancash'),
('020202', 'Coris', 'Aija', 'Ancash'),
('020203', 'Huacllan', 'Aija', 'Ancash'),
('020204', 'La Merced', 'Aija', 'Ancash'),
('020205', 'Succha', 'Aija', 'Ancash'),
('020301', 'Llamellin', 'Antonio Raymondi', 'Ancash'),
('020302', 'Aczo', 'Antonio Raymondi', 'Ancash'),
('020303', 'Chaccho', 'Antonio Raymondi', 'Ancash'),
('020304', 'Chingas', 'Antonio Raymondi', 'Ancash'),
('020305', 'Mirgas', 'Antonio Raymondi', 'Ancash'),
('020306', 'San Juan de Rontoy', 'Antonio Raymondi', 'Ancash'),
('020401', 'Chacas', 'Asuncion', 'Ancash'),
('020402', 'Acochaca', 'Asuncion', 'Ancash'),
('020501', 'Chiquian', 'Bolognesi', 'Ancash'),
('020502', 'Abelardo Pardo Lezameta', 'Bolognesi', 'Ancash'),
('020503', 'Antonio Raymondi', 'Bolognesi', 'Ancash'),
('020504', 'Aquia', 'Bolognesi', 'Ancash'),
('020505', 'Cajacay', 'Bolognesi', 'Ancash'),
('020506', 'Canis', 'Bolognesi', 'Ancash'),
('020507', 'Colquioc', 'Bolognesi', 'Ancash'),
('020508', 'Huallanca', 'Bolognesi', 'Ancash'),
('020509', 'Huasta', 'Bolognesi', 'Ancash'),
('020510', 'Huayllacayan', 'Bolognesi', 'Ancash'),
('020511', 'La Primavera', 'Bolognesi', 'Ancash'),
('020512', 'Mangas', 'Bolognesi', 'Ancash'),
('020513', 'Pacllon', 'Bolognesi', 'Ancash'),
('020514', 'San Miguel de Corpanqui', 'Bolognesi', 'Ancash'),
('020515', 'Ticllos', 'Bolognesi', 'Ancash'),
('020601', 'Carhuaz', 'Carhuaz', 'Ancash'),
('020602', 'Acopampa', 'Carhuaz', 'Ancash'),
('020603', 'Amashca', 'Carhuaz', 'Ancash'),
('020604', 'Anta', 'Carhuaz', 'Ancash'),
('020605', 'Ataquero', 'Carhuaz', 'Ancash'),
('020606', 'Marcara', 'Carhuaz', 'Ancash'),
('020607', 'Pariahuanca', 'Carhuaz', 'Ancash'),
('020608', 'San Miguel de Aco', 'Carhuaz', 'Ancash'),
('020609', 'Shilla', 'Carhuaz', 'Ancash'),
('020610', 'Tinco', 'Carhuaz', 'Ancash'),
('020611', 'Yungar', 'Carhuaz', 'Ancash'),
('020701', 'San Luis', 'Carlos Fermin Fitzca', 'Ancash'),
('020702', 'San Nicolas', 'Carlos Fermin Fitzca', 'Ancash'),
('020703', 'Yauya', 'Carlos Fermin Fitzca', 'Ancash'),
('020801', 'Casma', 'Casma', 'Ancash'),
('020802', 'Buena Vista Alta', 'Casma', 'Ancash'),
('020803', 'Comandante Noel', 'Casma', 'Ancash'),
('020804', 'Yautan', 'Casma', 'Ancash'),
('020901', 'Corongo', 'Corongo', 'Ancash'),
('020902', 'Aco', 'Corongo', 'Ancash'),
('020903', 'Bambas', 'Corongo', 'Ancash'),
('020904', 'Cusca', 'Corongo', 'Ancash'),
('020905', 'La Pampa', 'Corongo', 'Ancash'),
('020906', 'Yanac', 'Corongo', 'Ancash'),
('020907', 'Yupan', 'Corongo', 'Ancash'),
('021001', 'Huari', 'Huari', 'Ancash'),
('021002', 'Anra', 'Huari', 'Ancash'),
('021003', 'Cajay', 'Huari', 'Ancash'),
('021004', 'Chavin de Huantar', 'Huari', 'Ancash'),
('021005', 'Huacachi', 'Huari', 'Ancash'),
('021006', 'Huacchis', 'Huari', 'Ancash'),
('021007', 'Huachis', 'Huari', 'Ancash'),
('021008', 'Huantar', 'Huari', 'Ancash'),
('021009', 'Masin', 'Huari', 'Ancash'),
('021010', 'Paucas', 'Huari', 'Ancash'),
('021011', 'Ponto', 'Huari', 'Ancash'),
('021012', 'Rahuapampa', 'Huari', 'Ancash'),
('021013', 'Rapayan', 'Huari', 'Ancash'),
('021014', 'San Marcos', 'Huari', 'Ancash'),
('021015', 'San Pedro de Chana', 'Huari', 'Ancash'),
('021016', 'Uco', 'Huari', 'Ancash'),
('021101', 'Huarmey', 'Huarmey', 'Ancash'),
('021102', 'Cochapeti', 'Huarmey', 'Ancash'),
('021103', 'Culebras', 'Huarmey', 'Ancash'),
('021104', 'Huayan', 'Huarmey', 'Ancash'),
('021105', 'Malvas', 'Huarmey', 'Ancash'),
('021201', 'Caraz', 'Huaylas', 'Ancash'),
('021202', 'Huallanca', 'Huaylas', 'Ancash'),
('021203', 'Huata', 'Huaylas', 'Ancash'),
('021204', 'Huaylas', 'Huaylas', 'Ancash'),
('021205', 'Mato', 'Huaylas', 'Ancash'),
('021206', 'Pamparomas', 'Huaylas', 'Ancash'),
('021207', 'Pueblo Libre', 'Huaylas', 'Ancash'),
('021208', 'Santa Cruz', 'Huaylas', 'Ancash'),
('021209', 'Santo Toribio', 'Huaylas', 'Ancash'),
('021210', 'Yuracmarca', 'Huaylas', 'Ancash'),
('021301', 'Piscobamba', 'Mariscal Luzuriaga', 'Ancash'),
('021302', 'Casca', 'Mariscal Luzuriaga', 'Ancash'),
('021303', 'Eleazar Guzman Barron', 'Mariscal Luzuriaga', 'Ancash'),
('021304', 'Fidel Olivas Escudero', 'Mariscal Luzuriaga', 'Ancash'),
('021305', 'Llama', 'Mariscal Luzuriaga', 'Ancash'),
('021306', 'Llumpa', 'Mariscal Luzuriaga', 'Ancash'),
('021307', 'Lucma', 'Mariscal Luzuriaga', 'Ancash'),
('021308', 'Musga', 'Mariscal Luzuriaga', 'Ancash'),
('021401', 'Ocros', 'Ocros', 'Ancash'),
('021402', 'Acas', 'Ocros', 'Ancash'),
('021403', 'Cajamarquilla', 'Ocros', 'Ancash'),
('021404', 'Carhuapampa', 'Ocros', 'Ancash'),
('021405', 'Cochas', 'Ocros', 'Ancash'),
('021406', 'Congas', 'Ocros', 'Ancash'),
('021407', 'Llipa', 'Ocros', 'Ancash'),
('021408', 'San Cristobal de Rajan', 'Ocros', 'Ancash'),
('021409', 'San Pedro', 'Ocros', 'Ancash'),
('021410', 'Santiago de Chilcas', 'Ocros', 'Ancash'),
('021501', 'Cabana', 'Pallasca', 'Ancash'),
('021502', 'Bolognesi', 'Pallasca', 'Ancash'),
('021503', 'Conchucos', 'Pallasca', 'Ancash'),
('021504', 'Huacaschuque', 'Pallasca', 'Ancash'),
('021505', 'Huandoval', 'Pallasca', 'Ancash'),
('021506', 'Lacabamba', 'Pallasca', 'Ancash'),
('021507', 'Llapo', 'Pallasca', 'Ancash'),
('021508', 'Pallasca', 'Pallasca', 'Ancash'),
('021509', 'Pampas', 'Pallasca', 'Ancash'),
('021510', 'Santa Rosa', 'Pallasca', 'Ancash'),
('021511', 'Tauca', 'Pallasca', 'Ancash'),
('021601', 'Pomabamba', 'Pomabamba', 'Ancash'),
('021602', 'Huayllan', 'Pomabamba', 'Ancash'),
('021603', 'Parobamba', 'Pomabamba', 'Ancash'),
('021604', 'Quinuabamba', 'Pomabamba', 'Ancash'),
('021701', 'Recuay', 'Recuay', 'Ancash'),
('021702', 'Catac', 'Recuay', 'Ancash'),
('021703', 'Cotaparaco', 'Recuay', 'Ancash'),
('021704', 'Huayllapampa', 'Recuay', 'Ancash'),
('021705', 'Llacllin', 'Recuay', 'Ancash'),
('021706', 'Marca', 'Recuay', 'Ancash'),
('021707', 'Pampas Chico', 'Recuay', 'Ancash'),
('021708', 'Pararin', 'Recuay', 'Ancash'),
('021709', 'Tapacocha', 'Recuay', 'Ancash'),
('021710', 'Ticapampa', 'Recuay', 'Ancash'),
('021801', 'Chimbote', 'Santa', 'Ancash'),
('021802', 'Caceres del Peru', 'Santa', 'Ancash'),
('021803', 'Coishco', 'Santa', 'Ancash'),
('021804', 'Macate', 'Santa', 'Ancash'),
('021805', 'Moro', 'Santa', 'Ancash'),
('021806', 'Nepeña', 'Santa', 'Ancash'),
('021807', 'Samanco', 'Santa', 'Ancash'),
('021808', 'Santa', 'Santa', 'Ancash'),
('021809', 'Nuevo Chimbote', 'Santa', 'Ancash'),
('021901', 'Sihuas', 'Sihuas', 'Ancash'),
('021902', 'Acobamba', 'Sihuas', 'Ancash'),
('021903', 'Alfonso Ugarte', 'Sihuas', 'Ancash'),
('021904', 'Cashapampa', 'Sihuas', 'Ancash'),
('021905', 'Chingalpo', 'Sihuas', 'Ancash'),
('021906', 'Huayllabamba', 'Sihuas', 'Ancash'),
('021907', 'Quiches', 'Sihuas', 'Ancash'),
('021908', 'Ragash', 'Sihuas', 'Ancash'),
('021909', 'San Juan', 'Sihuas', 'Ancash'),
('021910', 'Sicsibamba', 'Sihuas', 'Ancash'),
('022001', 'Yungay', 'Yungay', 'Ancash'),
('022002', 'Cascapara', 'Yungay', 'Ancash'),
('022003', 'Mancos', 'Yungay', 'Ancash'),
('022004', 'Matacoto', 'Yungay', 'Ancash'),
('022005', 'Quillo', 'Yungay', 'Ancash'),
('022006', 'Ranrahirca', 'Yungay', 'Ancash'),
('022007', 'Shupluy', 'Yungay', 'Ancash'),
('022008', 'Yanama', 'Yungay', 'Ancash'),
('030101', 'Abancay', 'Abancay', 'Apurimac'),
('030102', 'Chacoche', 'Abancay', 'Apurimac'),
('030103', 'Circa', 'Abancay', 'Apurimac'),
('030104', 'Curahuasi', 'Abancay', 'Apurimac'),
('030105', 'Huanipaca', 'Abancay', 'Apurimac'),
('030106', 'Lambrama', 'Abancay', 'Apurimac'),
('030107', 'Pichirhua', 'Abancay', 'Apurimac'),
('030108', 'San Pedro de Cachora', 'Abancay', 'Apurimac'),
('030109', 'Tamburco', 'Abancay', 'Apurimac'),
('030201', 'Andahuaylas', 'Andahuaylas', 'Apurimac'),
('030202', 'Andarapa', 'Andahuaylas', 'Apurimac'),
('030203', 'Chiara', 'Andahuaylas', 'Apurimac'),
('030204', 'Huancarama', 'Andahuaylas', 'Apurimac'),
('030205', 'Huancaray', 'Andahuaylas', 'Apurimac'),
('030206', 'Huayana', 'Andahuaylas', 'Apurimac'),
('030207', 'Kishuara', 'Andahuaylas', 'Apurimac'),
('030208', 'Pacobamba', 'Andahuaylas', 'Apurimac'),
('030209', 'Pacucha', 'Andahuaylas', 'Apurimac'),
('030210', 'Pampachiri', 'Andahuaylas', 'Apurimac'),
('030211', 'Pomacocha', 'Andahuaylas', 'Apurimac'),
('030212', 'San Antonio de Cachi', 'Andahuaylas', 'Apurimac'),
('030213', 'San Jeronimo', 'Andahuaylas', 'Apurimac'),
('030214', 'San Miguel de Chaccrampa', 'Andahuaylas', 'Apurimac'),
('030215', 'Santa Maria de Chicmo', 'Andahuaylas', 'Apurimac'),
('030216', 'Talavera', 'Andahuaylas', 'Apurimac'),
('030217', 'Tumay Huaraca', 'Andahuaylas', 'Apurimac'),
('030218', 'Turpo', 'Andahuaylas', 'Apurimac'),
('030219', 'Kaquiabamba', 'Andahuaylas', 'Apurimac'),
('030220', 'José María Arguedas', 'Andahuaylas', 'Apurimac'),
('030301', 'Antabamba', 'Antabamba', 'Apurimac'),
('030302', 'El Oro', 'Antabamba', 'Apurimac'),
('030303', 'Huaquirca', 'Antabamba', 'Apurimac'),
('030304', 'Juan Espinoza Medrano', 'Antabamba', 'Apurimac'),
('030305', 'Oropesa', 'Antabamba', 'Apurimac'),
('030306', 'Pachaconas', 'Antabamba', 'Apurimac'),
('030307', 'Sabaino', 'Antabamba', 'Apurimac'),
('030401', 'Chalhuanca', 'Aymaraes', 'Apurimac'),
('030402', 'Capaya', 'Aymaraes', 'Apurimac'),
('030403', 'Caraybamba', 'Aymaraes', 'Apurimac'),
('030404', 'Chapimarca', 'Aymaraes', 'Apurimac'),
('030405', 'Colcabamba', 'Aymaraes', 'Apurimac'),
('030406', 'Cotaruse', 'Aymaraes', 'Apurimac'),
('030407', 'Huayllo', 'Aymaraes', 'Apurimac'),
('030408', 'Justo Apu Sahuaraura', 'Aymaraes', 'Apurimac'),
('030409', 'Lucre', 'Aymaraes', 'Apurimac'),
('030410', 'Pocohuanca', 'Aymaraes', 'Apurimac'),
('030411', 'San Juan de Chacña', 'Aymaraes', 'Apurimac'),
('030412', 'Sañayca', 'Aymaraes', 'Apurimac'),
('030413', 'Soraya', 'Aymaraes', 'Apurimac'),
('030414', 'Tapairihua', 'Aymaraes', 'Apurimac'),
('030415', 'Tintay', 'Aymaraes', 'Apurimac'),
('030416', 'Toraya', 'Aymaraes', 'Apurimac'),
('030417', 'Yanaca', 'Aymaraes', 'Apurimac'),
('030501', 'Tambobamba', 'Cotabambas', 'Apurimac'),
('030502', 'Cotabambas', 'Cotabambas', 'Apurimac'),
('030503', 'Coyllurqui', 'Cotabambas', 'Apurimac'),
('030504', 'Haquira', 'Cotabambas', 'Apurimac'),
('030505', 'Mara', 'Cotabambas', 'Apurimac'),
('030506', 'Challhuahuacho', 'Cotabambas', 'Apurimac'),
('030601', 'Chincheros', 'Chincheros', 'Apurimac'),
('030602', 'Anco_Huallo', 'Chincheros', 'Apurimac'),
('030603', 'Cocharcas', 'Chincheros', 'Apurimac'),
('030604', 'Huaccana', 'Chincheros', 'Apurimac'),
('030605', 'Ocobamba', 'Chincheros', 'Apurimac'),
('030606', 'Ongoy', 'Chincheros', 'Apurimac'),
('030607', 'Uranmarca', 'Chincheros', 'Apurimac'),
('030608', 'Ranracancha', 'Chincheros', 'Apurimac'),
('030609', 'Rocchacc', 'Chincheros', 'Apurimac'),
('030610', 'El Porvenir', 'Chincheros', 'Apurimac'),
('030611', 'Los Chankas', 'Chincheros', 'Apurimac'),
('030701', 'Chuquibambilla', 'Grau', 'Apurimac'),
('030702', 'Curpahuasi', 'Grau', 'Apurimac'),
('030703', 'Gamarra', 'Grau', 'Apurimac'),
('030704', 'Huayllati', 'Grau', 'Apurimac'),
('030705', 'Mamara', 'Grau', 'Apurimac'),
('030706', 'Micaela Bastidas', 'Grau', 'Apurimac'),
('030707', 'Pataypampa', 'Grau', 'Apurimac'),
('030708', 'Progreso', 'Grau', 'Apurimac'),
('030709', 'San Antonio', 'Grau', 'Apurimac'),
('030710', 'Santa Rosa', 'Grau', 'Apurimac'),
('030711', 'Turpay', 'Grau', 'Apurimac'),
('030712', 'Vilcabamba', 'Grau', 'Apurimac'),
('030713', 'Virundo', 'Grau', 'Apurimac'),
('030714', 'Curasco', 'Grau', 'Apurimac'),
('040101', 'Arequipa', 'Arequipa', 'Arequipa'),
('040102', 'Alto Selva Alegre', 'Arequipa', 'Arequipa'),
('040103', 'Cayma', 'Arequipa', 'Arequipa'),
('040104', 'Cerro Colorado', 'Arequipa', 'Arequipa'),
('040105', 'Characato', 'Arequipa', 'Arequipa'),
('040106', 'Chiguata', 'Arequipa', 'Arequipa'),
('040107', 'Jacobo Hunter', 'Arequipa', 'Arequipa'),
('040108', 'La Joya', 'Arequipa', 'Arequipa'),
('040109', 'Mariano Melgar', 'Arequipa', 'Arequipa'),
('040110', 'Miraflores', 'Arequipa', 'Arequipa'),
('040111', 'Mollebaya', 'Arequipa', 'Arequipa'),
('040112', 'Paucarpata', 'Arequipa', 'Arequipa'),
('040113', 'Pocsi', 'Arequipa', 'Arequipa'),
('040114', 'Polobaya', 'Arequipa', 'Arequipa'),
('040115', 'Quequeña', 'Arequipa', 'Arequipa'),
('040116', 'Sabandia', 'Arequipa', 'Arequipa'),
('040117', 'Sachaca', 'Arequipa', 'Arequipa'),
('040118', 'San Juan de Siguas', 'Arequipa', 'Arequipa'),
('040119', 'San Juan de Tarucani', 'Arequipa', 'Arequipa'),
('040120', 'Santa Isabel de Siguas', 'Arequipa', 'Arequipa'),
('040121', 'Santa Rita de Siguas', 'Arequipa', 'Arequipa'),
('040122', 'Socabaya', 'Arequipa', 'Arequipa'),
('040123', 'Tiabaya', 'Arequipa', 'Arequipa'),
('040124', 'Uchumayo', 'Arequipa', 'Arequipa'),
('040125', 'Vitor', 'Arequipa', 'Arequipa'),
('040126', 'Yanahuara', 'Arequipa', 'Arequipa'),
('040127', 'Yarabamba', 'Arequipa', 'Arequipa'),
('040128', 'Yura', 'Arequipa', 'Arequipa'),
('040129', 'Jose Luis Bustamante y Rivero', 'Arequipa', 'Arequipa'),
('040201', 'Camana', 'Camana', 'Arequipa'),
('040202', 'Jose Maria Quimper', 'Camana', 'Arequipa'),
('040203', 'Mariano Nicolas Valcarcel', 'Camana', 'Arequipa'),
('040204', 'Mariscal Caceres', 'Camana', 'Arequipa'),
('040205', 'Nicolas de Pierola', 'Camana', 'Arequipa'),
('040206', 'Ocoña', 'Camana', 'Arequipa'),
('040207', 'Quilca', 'Camana', 'Arequipa'),
('040208', 'Samuel Pastor', 'Camana', 'Arequipa'),
('040301', 'Caraveli', 'Caraveli', 'Arequipa'),
('040302', 'Acari', 'Caraveli', 'Arequipa'),
('040303', 'Atico', 'Caraveli', 'Arequipa'),
('040304', 'Atiquipa', 'Caraveli', 'Arequipa'),
('040305', 'Bella Union', 'Caraveli', 'Arequipa'),
('040306', 'Cahuacho', 'Caraveli', 'Arequipa'),
('040307', 'Chala', 'Caraveli', 'Arequipa'),
('040308', 'Chaparra', 'Caraveli', 'Arequipa'),
('040309', 'Huanuhuanu', 'Caraveli', 'Arequipa'),
('040310', 'Jaqui', 'Caraveli', 'Arequipa'),
('040311', 'Lomas', 'Caraveli', 'Arequipa'),
('040312', 'Quicacha', 'Caraveli', 'Arequipa'),
('040313', 'Yauca', 'Caraveli', 'Arequipa'),
('040401', 'Aplao', 'Castilla', 'Arequipa'),
('040402', 'Andagua', 'Castilla', 'Arequipa'),
('040403', 'Ayo', 'Castilla', 'Arequipa'),
('040404', 'Chachas', 'Castilla', 'Arequipa'),
('040405', 'Chilcaymarca', 'Castilla', 'Arequipa'),
('040406', 'Choco', 'Castilla', 'Arequipa'),
('040407', 'Huancarqui', 'Castilla', 'Arequipa'),
('040408', 'Machaguay', 'Castilla', 'Arequipa'),
('040409', 'Orcopampa', 'Castilla', 'Arequipa'),
('040410', 'Pampacolca', 'Castilla', 'Arequipa'),
('040411', 'Tipan', 'Castilla', 'Arequipa'),
('040412', 'Uñon', 'Castilla', 'Arequipa'),
('040413', 'Uraca', 'Castilla', 'Arequipa'),
('040414', 'Viraco', 'Castilla', 'Arequipa'),
('040501', 'Chivay', 'Caylloma', 'Arequipa'),
('040502', 'Achoma', 'Caylloma', 'Arequipa'),
('040503', 'Cabanaconde', 'Caylloma', 'Arequipa'),
('040504', 'Callalli', 'Caylloma', 'Arequipa'),
('040505', 'Caylloma', 'Caylloma', 'Arequipa'),
('040506', 'Coporaque', 'Caylloma', 'Arequipa'),
('040507', 'Huambo', 'Caylloma', 'Arequipa'),
('040508', 'Huanca', 'Caylloma', 'Arequipa'),
('040509', 'Ichupampa', 'Caylloma', 'Arequipa'),
('040510', 'Lari', 'Caylloma', 'Arequipa'),
('040511', 'Lluta', 'Caylloma', 'Arequipa'),
('040512', 'Maca', 'Caylloma', 'Arequipa'),
('040513', 'Madrigal', 'Caylloma', 'Arequipa'),
('040514', 'San Antonio de Chuca', 'Caylloma', 'Arequipa'),
('040515', 'Sibayo', 'Caylloma', 'Arequipa'),
('040516', 'Tapay', 'Caylloma', 'Arequipa'),
('040517', 'Tisco', 'Caylloma', 'Arequipa'),
('040518', 'Tuti', 'Caylloma', 'Arequipa'),
('040519', 'Yanque', 'Caylloma', 'Arequipa'),
('040520', 'Majes', 'Caylloma', 'Arequipa'),
('040601', 'Chuquibamba', 'Condesuyos', 'Arequipa'),
('040602', 'Andaray', 'Condesuyos', 'Arequipa'),
('040603', 'Cayarani', 'Condesuyos', 'Arequipa'),
('040604', 'Chichas', 'Condesuyos', 'Arequipa'),
('040605', 'Iray', 'Condesuyos', 'Arequipa'),
('040606', 'Rio Grande', 'Condesuyos', 'Arequipa'),
('040607', 'Salamanca', 'Condesuyos', 'Arequipa'),
('040608', 'Yanaquihua', 'Condesuyos', 'Arequipa'),
('040701', 'Mollendo', 'Islay', 'Arequipa'),
('040702', 'Cocachacra', 'Islay', 'Arequipa'),
('040703', 'Dean Valdivia', 'Islay', 'Arequipa'),
('040704', 'Islay', 'Islay', 'Arequipa'),
('040705', 'Mejia', 'Islay', 'Arequipa'),
('040706', 'Punta de Bombon', 'Islay', 'Arequipa'),
('040801', 'Cotahuasi', 'La Union', 'Arequipa'),
('040802', 'Alca', 'La Union', 'Arequipa'),
('040803', 'Charcana', 'La Union', 'Arequipa'),
('040804', 'Huaynacotas', 'La Union', 'Arequipa'),
('040805', 'Pampamarca', 'La Union', 'Arequipa'),
('040806', 'Puyca', 'La Union', 'Arequipa'),
('040807', 'Quechualla', 'La Union', 'Arequipa'),
('040808', 'Sayla', 'La Union', 'Arequipa'),
('040809', 'Tauria', 'La Union', 'Arequipa'),
('040810', 'Tomepampa', 'La Union', 'Arequipa'),
('040811', 'Toro', 'La Union', 'Arequipa'),
('050101', 'Ayacucho', 'Huamanga', 'Ayacucho'),
('050102', 'Acocro', 'Huamanga', 'Ayacucho'),
('050103', 'Acos Vinchos', 'Huamanga', 'Ayacucho'),
('050104', 'Carmen Alto', 'Huamanga', 'Ayacucho'),
('050105', 'Chiara', 'Huamanga', 'Ayacucho'),
('050106', 'Ocros', 'Huamanga', 'Ayacucho'),
('050107', 'Pacaycasa', 'Huamanga', 'Ayacucho'),
('050108', 'Quinua', 'Huamanga', 'Ayacucho'),
('050109', 'San Jose de Ticllas', 'Huamanga', 'Ayacucho'),
('050110', 'San Juan Bautista', 'Huamanga', 'Ayacucho'),
('050111', 'Santiago de Pischa', 'Huamanga', 'Ayacucho'),
('050112', 'Socos', 'Huamanga', 'Ayacucho'),
('050113', 'Tambillo', 'Huamanga', 'Ayacucho'),
('050114', 'Vinchos', 'Huamanga', 'Ayacucho'),
('050115', 'Jesus Nazareno', 'Huamanga', 'Ayacucho'),
('050116', 'Andrés Avelino Cáceres Dorregaray', 'Huamanga', 'Ayacucho'),
('050201', 'Cangallo', 'Cangallo', 'Ayacucho'),
('050202', 'Chuschi', 'Cangallo', 'Ayacucho'),
('050203', 'Los Morochucos', 'Cangallo', 'Ayacucho'),
('050204', 'Maria Parado de Bellido', 'Cangallo', 'Ayacucho'),
('050205', 'Paras', 'Cangallo', 'Ayacucho'),
('050206', 'Totos', 'Cangallo', 'Ayacucho'),
('050301', 'Sancos', 'Huanca Sancos', 'Ayacucho'),
('050302', 'Carapo', 'Huanca Sancos', 'Ayacucho'),
('050303', 'Sacsamarca', 'Huanca Sancos', 'Ayacucho'),
('050304', 'Santiago de Lucanamarca', 'Huanca Sancos', 'Ayacucho'),
('050401', 'Huanta', 'Huanta', 'Ayacucho'),
('050402', 'Ayahuanco', 'Huanta', 'Ayacucho'),
('050403', 'Huamanguilla', 'Huanta', 'Ayacucho'),
('050404', 'Iguain', 'Huanta', 'Ayacucho'),
('050405', 'Luricocha', 'Huanta', 'Ayacucho'),
('050406', 'Santillana', 'Huanta', 'Ayacucho'),
('050407', 'Sivia', 'Huanta', 'Ayacucho'),
('050408', 'Llochegua', 'Huanta', 'Ayacucho'),
('050409', 'Canayre', 'Huanta', 'Ayacucho'),
('050410', 'Uchuraccay', 'Huanta', 'Ayacucho'),
('050411', 'Pucacolpa', 'Huanta', 'Ayacucho'),
('050412', 'Chaca', 'Huanta', 'Ayacucho'),
('050501', 'San Miguel', 'La Mar', 'Ayacucho'),
('050502', 'Anco', 'La Mar', 'Ayacucho'),
('050503', 'Ayna', 'La Mar', 'Ayacucho'),
('050504', 'Chilcas', 'La Mar', 'Ayacucho'),
('050505', 'Chungui', 'La Mar', 'Ayacucho'),
('050506', 'Luis Carranza', 'La Mar', 'Ayacucho'),
('050507', 'Santa Rosa', 'La Mar', 'Ayacucho'),
('050508', 'Tambo', 'La Mar', 'Ayacucho'),
('050509', 'Samugari', 'La Mar', 'Ayacucho'),
('050510', 'Anchihuay', 'La Mar', 'Ayacucho'),
('050511', 'Oronccoy', 'La Mar', 'Ayacucho'),
('050601', 'Puquio', 'Lucanas', 'Ayacucho'),
('050602', 'Aucara', 'Lucanas', 'Ayacucho'),
('050603', 'Cabana', 'Lucanas', 'Ayacucho'),
('050604', 'Carmen Salcedo', 'Lucanas', 'Ayacucho'),
('050605', 'Chaviña', 'Lucanas', 'Ayacucho'),
('050606', 'Chipao', 'Lucanas', 'Ayacucho'),
('050607', 'Huac-Huas', 'Lucanas', 'Ayacucho'),
('050608', 'Laramate', 'Lucanas', 'Ayacucho'),
('050609', 'Leoncio Prado', 'Lucanas', 'Ayacucho'),
('050610', 'Llauta', 'Lucanas', 'Ayacucho'),
('050611', 'Lucanas', 'Lucanas', 'Ayacucho'),
('050612', 'Ocaña', 'Lucanas', 'Ayacucho'),
('050613', 'Otoca', 'Lucanas', 'Ayacucho'),
('050614', 'Saisa', 'Lucanas', 'Ayacucho'),
('050615', 'San Cristobal', 'Lucanas', 'Ayacucho'),
('050616', 'San Juan', 'Lucanas', 'Ayacucho'),
('050617', 'San Pedro', 'Lucanas', 'Ayacucho'),
('050618', 'San Pedro de Palco', 'Lucanas', 'Ayacucho'),
('050619', 'Sancos', 'Lucanas', 'Ayacucho'),
('050620', 'Santa Ana de Huaycahuacho', 'Lucanas', 'Ayacucho'),
('050621', 'Santa Lucia', 'Lucanas', 'Ayacucho'),
('050701', 'Coracora', 'Parinacochas', 'Ayacucho'),
('050702', 'Chumpi', 'Parinacochas', 'Ayacucho'),
('050703', 'Coronel Castañeda', 'Parinacochas', 'Ayacucho'),
('050704', 'Pacapausa', 'Parinacochas', 'Ayacucho'),
('050705', 'Pullo', 'Parinacochas', 'Ayacucho'),
('050706', 'Puyusca', 'Parinacochas', 'Ayacucho'),
('050707', 'San Francisco de Ravacayco', 'Parinacochas', 'Ayacucho'),
('050708', 'Upahuacho', 'Parinacochas', 'Ayacucho'),
('050801', 'Pausa', 'Paucar del Sara Sara', 'Ayacucho'),
('050802', 'Colta', 'Paucar del Sara Sara', 'Ayacucho'),
('050803', 'Corculla', 'Paucar del Sara Sara', 'Ayacucho'),
('050804', 'Lampa', 'Paucar del Sara Sara', 'Ayacucho'),
('050805', 'Marcabamba', 'Paucar del Sara Sara', 'Ayacucho'),
('050806', 'Oyolo', 'Paucar del Sara Sara', 'Ayacucho'),
('050807', 'Pararca', 'Paucar del Sara Sara', 'Ayacucho'),
('050808', 'San Javier de Alpabamba', 'Paucar del Sara Sara', 'Ayacucho'),
('050809', 'San Jose de Ushua', 'Paucar del Sara Sara', 'Ayacucho'),
('050810', 'Sara Sara', 'Paucar del Sara Sara', 'Ayacucho'),
('050901', 'Querobamba', 'Sucre', 'Ayacucho'),
('050902', 'Belen', 'Sucre', 'Ayacucho'),
('050903', 'Chalcos', 'Sucre', 'Ayacucho'),
('050904', 'Chilcayoc', 'Sucre', 'Ayacucho'),
('050905', 'Huacaña', 'Sucre', 'Ayacucho'),
('050906', 'Morcolla', 'Sucre', 'Ayacucho'),
('050907', 'Paico', 'Sucre', 'Ayacucho'),
('050908', 'San Pedro de Larcay', 'Sucre', 'Ayacucho'),
('050909', 'San Salvador de Quije', 'Sucre', 'Ayacucho'),
('050910', 'Santiago de Paucaray', 'Sucre', 'Ayacucho'),
('050911', 'Soras', 'Sucre', 'Ayacucho'),
('051001', 'Huancapi', 'Victor Fajardo', 'Ayacucho'),
('051002', 'Alcamenca', 'Victor Fajardo', 'Ayacucho'),
('051003', 'Apongo', 'Victor Fajardo', 'Ayacucho'),
('051004', 'Asquipata', 'Victor Fajardo', 'Ayacucho'),
('051005', 'Canaria', 'Victor Fajardo', 'Ayacucho'),
('051006', 'Cayara', 'Victor Fajardo', 'Ayacucho'),
('051007', 'Colca', 'Victor Fajardo', 'Ayacucho'),
('051008', 'Huamanquiquia', 'Victor Fajardo', 'Ayacucho'),
('051009', 'Huancaraylla', 'Victor Fajardo', 'Ayacucho'),
('051010', 'Huaya', 'Victor Fajardo', 'Ayacucho'),
('051011', 'Sarhua', 'Victor Fajardo', 'Ayacucho'),
('051012', 'Vilcanchos', 'Victor Fajardo', 'Ayacucho'),
('051101', 'Vilcas Huaman', 'Vilcas Huaman', 'Ayacucho'),
('051102', 'Accomarca', 'Vilcas Huaman', 'Ayacucho'),
('051103', 'Carhuanca', 'Vilcas Huaman', 'Ayacucho'),
('051104', 'Concepcion', 'Vilcas Huaman', 'Ayacucho'),
('051105', 'Huambalpa', 'Vilcas Huaman', 'Ayacucho'),
('051106', 'Independencia', 'Vilcas Huaman', 'Ayacucho'),
('051107', 'Saurama', 'Vilcas Huaman', 'Ayacucho'),
('051108', 'Vischongo', 'Vilcas Huaman', 'Ayacucho'),
('060101', 'Cajamarca', 'Cajamarca', 'Cajamarca'),
('060102', 'Asuncion', 'Cajamarca', 'Cajamarca'),
('060103', 'Chetilla', 'Cajamarca', 'Cajamarca'),
('060104', 'Cospan', 'Cajamarca', 'Cajamarca'),
('060105', 'Encañada', 'Cajamarca', 'Cajamarca'),
('060106', 'Jesus', 'Cajamarca', 'Cajamarca'),
('060107', 'Llacanora', 'Cajamarca', 'Cajamarca'),
('060108', 'Los Baños del Inca', 'Cajamarca', 'Cajamarca'),
('060109', 'Magdalena', 'Cajamarca', 'Cajamarca'),
('060110', 'Matara', 'Cajamarca', 'Cajamarca'),
('060111', 'Namora', 'Cajamarca', 'Cajamarca'),
('060112', 'San Juan', 'Cajamarca', 'Cajamarca'),
('060201', 'Cajabamba', 'Cajabamba', 'Cajamarca'),
('060202', 'Cachachi', 'Cajabamba', 'Cajamarca'),
('060203', 'Condebamba', 'Cajabamba', 'Cajamarca'),
('060204', 'Sitacocha', 'Cajabamba', 'Cajamarca'),
('060301', 'Celendin', 'Celendin', 'Cajamarca'),
('060302', 'Chumuch', 'Celendin', 'Cajamarca'),
('060303', 'Cortegana', 'Celendin', 'Cajamarca'),
('060304', 'Huasmin', 'Celendin', 'Cajamarca'),
('060305', 'Jorge Chavez', 'Celendin', 'Cajamarca'),
('060306', 'Jose Galvez', 'Celendin', 'Cajamarca'),
('060307', 'Miguel Iglesias', 'Celendin', 'Cajamarca'),
('060308', 'Oxamarca', 'Celendin', 'Cajamarca'),
('060309', 'Sorochuco', 'Celendin', 'Cajamarca'),
('060310', 'Sucre', 'Celendin', 'Cajamarca'),
('060311', 'Utco', 'Celendin', 'Cajamarca'),
('060312', 'La Libertad de Pallan', 'Celendin', 'Cajamarca'),
('060401', 'Chota', 'Chota', 'Cajamarca'),
('060402', 'Anguia', 'Chota', 'Cajamarca'),
('060403', 'Chadin', 'Chota', 'Cajamarca'),
('060404', 'Chiguirip', 'Chota', 'Cajamarca'),
('060405', 'Chimban', 'Chota', 'Cajamarca'),
('060406', 'Choropampa', 'Chota', 'Cajamarca'),
('060407', 'Cochabamba', 'Chota', 'Cajamarca'),
('060408', 'Conchan', 'Chota', 'Cajamarca'),
('060409', 'Huambos', 'Chota', 'Cajamarca'),
('060410', 'Lajas', 'Chota', 'Cajamarca'),
('060411', 'Llama', 'Chota', 'Cajamarca'),
('060412', 'Miracosta', 'Chota', 'Cajamarca'),
('060413', 'Paccha', 'Chota', 'Cajamarca'),
('060414', 'Pion', 'Chota', 'Cajamarca'),
('060415', 'Querocoto', 'Chota', 'Cajamarca'),
('060416', 'San Juan de Licupis', 'Chota', 'Cajamarca'),
('060417', 'Tacabamba', 'Chota', 'Cajamarca'),
('060418', 'Tocmoche', 'Chota', 'Cajamarca'),
('060419', 'Chalamarca', 'Chota', 'Cajamarca'),
('060501', 'Contumaza', 'Contumaza', 'Cajamarca'),
('060502', 'Chilete', 'Contumaza', 'Cajamarca'),
('060503', 'Cupisnique', 'Contumaza', 'Cajamarca'),
('060504', 'Guzmango', 'Contumaza', 'Cajamarca'),
('060505', 'San Benito', 'Contumaza', 'Cajamarca'),
('060506', 'Santa Cruz de Toled', 'Contumaza', 'Cajamarca'),
('060507', 'Tantarica', 'Contumaza', 'Cajamarca'),
('060508', 'Yonan', 'Contumaza', 'Cajamarca'),
('060601', 'Cutervo', 'Cutervo', 'Cajamarca'),
('060602', 'Callayuc', 'Cutervo', 'Cajamarca'),
('060603', 'Choros', 'Cutervo', 'Cajamarca'),
('060604', 'Cujillo', 'Cutervo', 'Cajamarca'),
('060605', 'La Ramada', 'Cutervo', 'Cajamarca'),
('060606', 'Pimpingos', 'Cutervo', 'Cajamarca'),
('060607', 'Querocotillo', 'Cutervo', 'Cajamarca'),
('060608', 'San Andres de Cutervo', 'Cutervo', 'Cajamarca'),
('060609', 'San Juan de Cutervo', 'Cutervo', 'Cajamarca'),
('060610', 'San Luis de Lucma', 'Cutervo', 'Cajamarca'),
('060611', 'Santa Cruz', 'Cutervo', 'Cajamarca'),
('060612', 'Santo Domingo de La Capilla', 'Cutervo', 'Cajamarca'),
('060613', 'Santo Tomas', 'Cutervo', 'Cajamarca'),
('060614', 'Socota', 'Cutervo', 'Cajamarca'),
('060615', 'Toribio Casanova', 'Cutervo', 'Cajamarca'),
('060701', 'Bambamarca', 'Hualgayoc', 'Cajamarca'),
('060702', 'Chugur', 'Hualgayoc', 'Cajamarca'),
('060703', 'Hualgayoc', 'Hualgayoc', 'Cajamarca'),
('060801', 'Jaen', 'Jaen', 'Cajamarca'),
('060802', 'Bellavista', 'Jaen', 'Cajamarca'),
('060803', 'Chontali', 'Jaen', 'Cajamarca'),
('060804', 'Colasay', 'Jaen', 'Cajamarca'),
('060805', 'Huabal', 'Jaen', 'Cajamarca'),
('060806', 'Las Pirias', 'Jaen', 'Cajamarca'),
('060807', 'Pomahuaca', 'Jaen', 'Cajamarca'),
('060808', 'Pucara', 'Jaen', 'Cajamarca'),
('060809', 'Sallique', 'Jaen', 'Cajamarca'),
('060810', 'San Felipe', 'Jaen', 'Cajamarca'),
('060811', 'San Jose del Alto', 'Jaen', 'Cajamarca'),
('060812', 'Santa Rosa', 'Jaen', 'Cajamarca'),
('060901', 'San Ignacio', 'San Ignacio', 'Cajamarca'),
('060902', 'Chirinos', 'San Ignacio', 'Cajamarca'),
('060903', 'Huarango', 'San Ignacio', 'Cajamarca'),
('060904', 'La Coipa', 'San Ignacio', 'Cajamarca'),
('060905', 'Namballe', 'San Ignacio', 'Cajamarca'),
('060906', 'San Jose de Lourdes', 'San Ignacio', 'Cajamarca'),
('060907', 'Tabaconas', 'San Ignacio', 'Cajamarca'),
('061001', 'Pedro Galvez', 'San Marcos', 'Cajamarca'),
('061002', 'Chancay', 'San Marcos', 'Cajamarca'),
('061003', 'Eduardo Villanueva', 'San Marcos', 'Cajamarca'),
('061004', 'Gregorio Pita', 'San Marcos', 'Cajamarca'),
('061005', 'Ichocan', 'San Marcos', 'Cajamarca'),
('061006', 'Jose Manuel Quiroz', 'San Marcos', 'Cajamarca'),
('061007', 'Jose Sabogal', 'San Marcos', 'Cajamarca'),
('061101', 'San Miguel', 'San Miguel', 'Cajamarca'),
('061102', 'Bolivar', 'San Miguel', 'Cajamarca'),
('061103', 'Calquis', 'San Miguel', 'Cajamarca'),
('061104', 'Catilluc', 'San Miguel', 'Cajamarca'),
('061105', 'El Prado', 'San Miguel', 'Cajamarca'),
('061106', 'La Florida', 'San Miguel', 'Cajamarca'),
('061107', 'Llapa', 'San Miguel', 'Cajamarca'),
('061108', 'Nanchoc', 'San Miguel', 'Cajamarca'),
('061109', 'Niepos', 'San Miguel', 'Cajamarca'),
('061110', 'San Gregorio', 'San Miguel', 'Cajamarca'),
('061111', 'San Silvestre de Cochan', 'San Miguel', 'Cajamarca'),
('061112', 'Tongod', 'San Miguel', 'Cajamarca'),
('061113', 'Union Agua Blanca', 'San Miguel', 'Cajamarca'),
('061201', 'San Pablo', 'San Pablo', 'Cajamarca'),
('061202', 'San Bernardino', 'San Pablo', 'Cajamarca'),
('061203', 'San Luis', 'San Pablo', 'Cajamarca'),
('061204', 'Tumbaden', 'San Pablo', 'Cajamarca'),
('061301', 'Santa Cruz', 'Santa Cruz', 'Cajamarca'),
('061302', 'Andabamba', 'Santa Cruz', 'Cajamarca'),
('061303', 'Catache', 'Santa Cruz', 'Cajamarca'),
('061304', 'Chancaybaños', 'Santa Cruz', 'Cajamarca'),
('061305', 'La Esperanza', 'Santa Cruz', 'Cajamarca'),
('061306', 'Ninabamba', 'Santa Cruz', 'Cajamarca'),
('061307', 'Pulan', 'Santa Cruz', 'Cajamarca'),
('061308', 'Saucepampa', 'Santa Cruz', 'Cajamarca'),
('061309', 'Sexi', 'Santa Cruz', 'Cajamarca'),
('061310', 'Uticyacu', 'Santa Cruz', 'Cajamarca'),
('061311', 'Yauyucan', 'Santa Cruz', 'Cajamarca'),
('070101', 'Callao', 'Callao', 'Callao'),
('070102', 'Bellavista', 'Callao', 'Callao'),
('070103', 'Carmen de La Legua', 'Callao', 'Callao'),
('070104', 'La Perla', 'Callao', 'Callao'),
('070105', 'La Punta', 'Callao', 'Callao'),
('070106', 'Ventanilla', 'Callao', 'Callao'),
('070107', 'Mi Peru', 'Callao', 'Callao'),
('080101', 'Cusco', 'Cusco', 'Cusco'),
('080102', 'Ccorca', 'Cusco', 'Cusco'),
('080103', 'Poroy', 'Cusco', 'Cusco'),
('080104', 'San Jeronimo', 'Cusco', 'Cusco'),
('080105', 'San Sebastian', 'Cusco', 'Cusco'),
('080106', 'Santiago', 'Cusco', 'Cusco'),
('080107', 'Saylla', 'Cusco', 'Cusco'),
('080108', 'Wanchaq', 'Cusco', 'Cusco'),
('080201', 'Acomayo', 'Acomayo', 'Cusco'),
('080202', 'Acopia', 'Acomayo', 'Cusco'),
('080203', 'Acos', 'Acomayo', 'Cusco'),
('080204', 'Mosoc Llacta', 'Acomayo', 'Cusco'),
('080205', 'Pomacanchi', 'Acomayo', 'Cusco'),
('080206', 'Rondocan', 'Acomayo', 'Cusco'),
('080207', 'Sangarara', 'Acomayo', 'Cusco'),
('080301', 'Anta', 'Anta', 'Cusco'),
('080302', 'Ancahuasi', 'Anta', 'Cusco'),
('080303', 'Cachimayo', 'Anta', 'Cusco'),
('080304', 'Chinchaypujio', 'Anta', 'Cusco'),
('080305', 'Huarocondo', 'Anta', 'Cusco'),
('080306', 'Limatambo', 'Anta', 'Cusco'),
('080307', 'Mollepata', 'Anta', 'Cusco'),
('080308', 'Pucyura', 'Anta', 'Cusco'),
('080309', 'Zurite', 'Anta', 'Cusco'),
('080401', 'Calca', 'Calca', 'Cusco'),
('080402', 'Coya', 'Calca', 'Cusco'),
('080403', 'Lamay', 'Calca', 'Cusco'),
('080404', 'Lares', 'Calca', 'Cusco'),
('080405', 'Pisac', 'Calca', 'Cusco'),
('080406', 'San Salvador', 'Calca', 'Cusco'),
('080407', 'Taray', 'Calca', 'Cusco'),
('080408', 'Yanatile', 'Calca', 'Cusco'),
('080501', 'Yanaoca', 'Canas', 'Cusco'),
('080502', 'Checca', 'Canas', 'Cusco'),
('080503', 'Kunturkanki', 'Canas', 'Cusco'),
('080504', 'Langui', 'Canas', 'Cusco'),
('080505', 'Layo', 'Canas', 'Cusco'),
('080506', 'Pampamarca', 'Canas', 'Cusco'),
('080507', 'Quehue', 'Canas', 'Cusco'),
('080508', 'Tupac Amaru', 'Canas', 'Cusco'),
('080601', 'Sicuani', 'Canchis', 'Cusco'),
('080602', 'Checacupe', 'Canchis', 'Cusco'),
('080603', 'Combapata', 'Canchis', 'Cusco'),
('080604', 'Marangani', 'Canchis', 'Cusco'),
('080605', 'Pitumarca', 'Canchis', 'Cusco'),
('080606', 'San Pablo', 'Canchis', 'Cusco'),
('080607', 'San Pedro', 'Canchis', 'Cusco'),
('080608', 'Tinta', 'Canchis', 'Cusco'),
('080701', 'Santo Tomas', 'Chumbivilcas', 'Cusco'),
('080702', 'Capacmarca', 'Chumbivilcas', 'Cusco'),
('080703', 'Chamaca', 'Chumbivilcas', 'Cusco'),
('080704', 'Colquemarca', 'Chumbivilcas', 'Cusco'),
('080705', 'Livitaca', 'Chumbivilcas', 'Cusco'),
('080706', 'Llusco', 'Chumbivilcas', 'Cusco'),
('080707', 'Quiñota', 'Chumbivilcas', 'Cusco'),
('080708', 'Velille', 'Chumbivilcas', 'Cusco'),
('080801', 'Espinar', 'Espinar', 'Cusco'),
('080802', 'Condoroma', 'Espinar', 'Cusco'),
('080803', 'Coporaque', 'Espinar', 'Cusco'),
('080804', 'Ocoruro', 'Espinar', 'Cusco'),
('080805', 'Pallpata', 'Espinar', 'Cusco'),
('080806', 'Pichigua', 'Espinar', 'Cusco'),
('080807', 'Suyckutambo', 'Espinar', 'Cusco'),
('080808', 'Alto Pichigua', 'Espinar', 'Cusco'),
('080901', 'Santa Ana', 'La Convencion', 'Cusco'),
('080902', 'Echarate', 'La Convencion', 'Cusco'),
('080903', 'Huayopata', 'La Convencion', 'Cusco'),
('080904', 'Maranura', 'La Convencion', 'Cusco'),
('080905', 'Ocobamba', 'La Convencion', 'Cusco'),
('080906', 'Quellouno', 'La Convencion', 'Cusco'),
('080907', 'Kimbiri', 'La Convencion', 'Cusco'),
('080908', 'Santa Teresa', 'La Convencion', 'Cusco'),
('080909', 'Vilcabamba', 'La Convencion', 'Cusco'),
('080910', 'Pichari', 'La Convencion', 'Cusco'),
('080911', 'Inkawasi', 'La Convencion', 'Cusco'),
('080912', 'Villa Virgen', 'La Convencion', 'Cusco'),
('080913', 'Villa Kintiarina', 'La Convencion', 'Cusco'),
('080914', 'Megantoni', 'La Convencion', 'Cusco'),
('081001', 'Paruro', 'Paruro', 'Cusco'),
('081002', 'Accha', 'Paruro', 'Cusco'),
('081003', 'Ccapi', 'Paruro', 'Cusco'),
('081004', 'Colcha', 'Paruro', 'Cusco'),
('081005', 'Huanoquite', 'Paruro', 'Cusco'),
('081006', 'Omacha', 'Paruro', 'Cusco'),
('081007', 'Paccaritambo', 'Paruro', 'Cusco'),
('081008', 'Pillpinto', 'Paruro', 'Cusco'),
('081009', 'Yaurisque', 'Paruro', 'Cusco'),
('081101', 'Paucartambo', 'Paucartambo', 'Cusco'),
('081102', 'Caicay', 'Paucartambo', 'Cusco'),
('081103', 'Challabamba', 'Paucartambo', 'Cusco'),
('081104', 'Colquepata', 'Paucartambo', 'Cusco'),
('081105', 'Huancarani', 'Paucartambo', 'Cusco'),
('081106', 'Kosñipata', 'Paucartambo', 'Cusco'),
('081201', 'Urcos', 'Quispicanchi', 'Cusco'),
('081202', 'Andahuaylillas', 'Quispicanchi', 'Cusco'),
('081203', 'Camanti', 'Quispicanchi', 'Cusco'),
('081204', 'Ccarhuayo', 'Quispicanchi', 'Cusco'),
('081205', 'Ccatca', 'Quispicanchi', 'Cusco'),
('081206', 'Cusipata', 'Quispicanchi', 'Cusco'),
('081207', 'Huaro', 'Quispicanchi', 'Cusco'),
('081208', 'Lucre', 'Quispicanchi', 'Cusco'),
('081209', 'Marcapata', 'Quispicanchi', 'Cusco'),
('081210', 'Ocongate', 'Quispicanchi', 'Cusco'),
('081211', 'Oropesa', 'Quispicanchi', 'Cusco'),
('081212', 'Quiquijana', 'Quispicanchi', 'Cusco'),
('081301', 'Urubamba', 'Urubamba', 'Cusco'),
('081302', 'Chinchero', 'Urubamba', 'Cusco'),
('081303', 'Huayllabamba', 'Urubamba', 'Cusco'),
('081304', 'Machupicchu', 'Urubamba', 'Cusco'),
('081305', 'Maras', 'Urubamba', 'Cusco'),
('081306', 'Ollantaytambo', 'Urubamba', 'Cusco'),
('081307', 'Yucay', 'Urubamba', 'Cusco'),
('090101', 'Huancavelica', 'Huancavelica', 'Huancavelica'),
('090102', 'Acobambilla', 'Huancavelica', 'Huancavelica'),
('090103', 'Acoria', 'Huancavelica', 'Huancavelica'),
('090104', 'Conayca', 'Huancavelica', 'Huancavelica'),
('090105', 'Cuenca', 'Huancavelica', 'Huancavelica'),
('090106', 'Huachocolpa', 'Huancavelica', 'Huancavelica'),
('090107', 'Huayllahuara', 'Huancavelica', 'Huancavelica'),
('090108', 'Izcuchaca', 'Huancavelica', 'Huancavelica'),
('090109', 'Laria', 'Huancavelica', 'Huancavelica'),
('090110', 'Manta', 'Huancavelica', 'Huancavelica'),
('090111', 'Mariscal Caceres', 'Huancavelica', 'Huancavelica'),
('090112', 'Moya', 'Huancavelica', 'Huancavelica'),
('090113', 'Nuevo Occoro', 'Huancavelica', 'Huancavelica'),
('090114', 'Palca', 'Huancavelica', 'Huancavelica'),
('090115', 'Pilchaca', 'Huancavelica', 'Huancavelica'),
('090116', 'Vilca', 'Huancavelica', 'Huancavelica'),
('090117', 'Yauli', 'Huancavelica', 'Huancavelica'),
('090118', 'Ascension', 'Huancavelica', 'Huancavelica'),
('090119', 'Huando', 'Huancavelica', 'Huancavelica'),
('090201', 'Acobamba', 'Acobamba', 'Huancavelica'),
('090202', 'Andabamba', 'Acobamba', 'Huancavelica'),
('090203', 'Anta', 'Acobamba', 'Huancavelica'),
('090204', 'Caja', 'Acobamba', 'Huancavelica'),
('090205', 'Marcas', 'Acobamba', 'Huancavelica'),
('090206', 'Paucara', 'Acobamba', 'Huancavelica'),
('090207', 'Pomacocha', 'Acobamba', 'Huancavelica'),
('090208', 'Rosario', 'Acobamba', 'Huancavelica'),
('090301', 'Lircay', 'Angaraes', 'Huancavelica'),
('090302', 'Anchonga', 'Angaraes', 'Huancavelica'),
('090303', 'Callanmarca', 'Angaraes', 'Huancavelica'),
('090304', 'Ccochaccasa', 'Angaraes', 'Huancavelica'),
('090305', 'Chincho', 'Angaraes', 'Huancavelica'),
('090306', 'Congalla', 'Angaraes', 'Huancavelica'),
('090307', 'Huanca-Huanca', 'Angaraes', 'Huancavelica'),
('090308', 'Huayllay Grande', 'Angaraes', 'Huancavelica'),
('090309', 'Julcamarca', 'Angaraes', 'Huancavelica'),
('090310', 'San Antonio de Antaparco', 'Angaraes', 'Huancavelica'),
('090311', 'Santo Tomas de Pata', 'Angaraes', 'Huancavelica'),
('090312', 'Secclla', 'Angaraes', 'Huancavelica'),
('090401', 'Castrovirreyna', 'Castrovirreyna', 'Huancavelica'),
('090402', 'Arma', 'Castrovirreyna', 'Huancavelica'),
('090403', 'Aurahua', 'Castrovirreyna', 'Huancavelica'),
('090404', 'Capillas', 'Castrovirreyna', 'Huancavelica'),
('090405', 'Chupamarca', 'Castrovirreyna', 'Huancavelica'),
('090406', 'Cocas', 'Castrovirreyna', 'Huancavelica'),
('090407', 'Huachos', 'Castrovirreyna', 'Huancavelica'),
('090408', 'Huamatambo', 'Castrovirreyna', 'Huancavelica'),
('090409', 'Mollepampa', 'Castrovirreyna', 'Huancavelica'),
('090410', 'San Juan', 'Castrovirreyna', 'Huancavelica'),
('090411', 'Santa Ana', 'Castrovirreyna', 'Huancavelica'),
('090412', 'Tantara', 'Castrovirreyna', 'Huancavelica'),
('090413', 'Ticrapo', 'Castrovirreyna', 'Huancavelica'),
('090501', 'Churcampa', 'Churcampa', 'Huancavelica'),
('090502', 'Anco', 'Churcampa', 'Huancavelica'),
('090503', 'Chinchihuasi', 'Churcampa', 'Huancavelica'),
('090504', 'El Carmen', 'Churcampa', 'Huancavelica'),
('090505', 'La Merced', 'Churcampa', 'Huancavelica'),
('090506', 'Locroja', 'Churcampa', 'Huancavelica'),
('090507', 'Paucarbamba', 'Churcampa', 'Huancavelica'),
('090508', 'San Miguel de Mayocc', 'Churcampa', 'Huancavelica'),
('090509', 'San Pedro de Coris', 'Churcampa', 'Huancavelica'),
('090510', 'Pachamarca', 'Churcampa', 'Huancavelica'),
('090511', 'Cosme', 'Churcampa', 'Huancavelica'),
('090601', 'Huaytara', 'Huaytara', 'Huancavelica'),
('090602', 'Ayavi', 'Huaytara', 'Huancavelica'),
('090603', 'Cordova', 'Huaytara', 'Huancavelica'),
('090604', 'Huayacundo Arma', 'Huaytara', 'Huancavelica'),
('090605', 'Laramarca', 'Huaytara', 'Huancavelica'),
('090606', 'Ocoyo', 'Huaytara', 'Huancavelica'),
('090607', 'Pilpichaca', 'Huaytara', 'Huancavelica'),
('090608', 'Querco', 'Huaytara', 'Huancavelica'),
('090609', 'Quito-Arma', 'Huaytara', 'Huancavelica'),
('090610', 'San Antonio de Cusicancha', 'Huaytara', 'Huancavelica'),
('090611', 'San Francisco de Sangayaico', 'Huaytara', 'Huancavelica'),
('090612', 'San Isidro', 'Huaytara', 'Huancavelica'),
('090613', 'Santiago de Chocorvos', 'Huaytara', 'Huancavelica'),
('090614', 'Santiago de Quirahuara', 'Huaytara', 'Huancavelica'),
('090615', 'Santo Domingo de Capillas', 'Huaytara', 'Huancavelica'),
('090616', 'Tambo', 'Huaytara', 'Huancavelica'),
('090701', 'Pampas', 'Tayacaja', 'Huancavelica'),
('090702', 'Acostambo', 'Tayacaja', 'Huancavelica'),
('090703', 'Acraquia', 'Tayacaja', 'Huancavelica'),
('090704', 'Ahuaycha', 'Tayacaja', 'Huancavelica'),
('090705', 'Colcabamba', 'Tayacaja', 'Huancavelica'),
('090706', 'Daniel Hernandez', 'Tayacaja', 'Huancavelica'),
('090707', 'Huachocolpa', 'Tayacaja', 'Huancavelica'),
('090709', 'Huaribamba', 'Tayacaja', 'Huancavelica'),
('090710', 'Ñahuimpuquio', 'Tayacaja', 'Huancavelica'),
('090711', 'Pazos', 'Tayacaja', 'Huancavelica'),
('090713', 'Quishuar', 'Tayacaja', 'Huancavelica'),
('090714', 'Salcabamba', 'Tayacaja', 'Huancavelica'),
('090715', 'Salcahuasi', 'Tayacaja', 'Huancavelica'),
('090716', 'San Marcos de Rocchac', 'Tayacaja', 'Huancavelica'),
('090717', 'Surcubamba', 'Tayacaja', 'Huancavelica'),
('090718', 'Tintay Puncu', 'Tayacaja', 'Huancavelica'),
('090719', 'Quichuas', 'Tayacaja', 'Huancavelica'),
('090720', 'Andaymarca', 'Tayacaja', 'Huancavelica'),
('090721', 'Roble', 'Tayacaja', 'Huancavelica'),
('090722', 'Pichos', 'Tayacaja', 'Huancavelica'),
('090723', 'Santiago de Túcuma', 'Tayacaja', 'Huancavelica'),
('100101', 'Huanuco', 'Huanuco', 'Huanuco'),
('100102', 'Amarilis', 'Huanuco', 'Huanuco'),
('100103', 'Chinchao', 'Huanuco', 'Huanuco'),
('100104', 'Churubamba', 'Huanuco', 'Huanuco'),
('100105', 'Margos', 'Huanuco', 'Huanuco'),
('100106', 'Quisqui', 'Huanuco', 'Huanuco'),
('100107', 'San Francisco de Cayran', 'Huanuco', 'Huanuco'),
('100108', 'San Pedro de Chaulan', 'Huanuco', 'Huanuco'),
('100109', 'Santa Maria del Valle', 'Huanuco', 'Huanuco'),
('100110', 'Yarumayo', 'Huanuco', 'Huanuco'),
('100111', 'Pillco Marca', 'Huanuco', 'Huanuco'),
('100112', 'Yacus', 'Huanuco', 'Huanuco'),
('100113', 'San Pablo de Pillao', 'Huanuco', 'Huanuco'),
('100201', 'Ambo', 'Ambo', 'Huanuco'),
('100202', 'Cayna', 'Ambo', 'Huanuco'),
('100203', 'Colpas', 'Ambo', 'Huanuco'),
('100204', 'Conchamarca', 'Ambo', 'Huanuco'),
('100205', 'Huacar', 'Ambo', 'Huanuco'),
('100206', 'San Francisco', 'Ambo', 'Huanuco'),
('100207', 'San Rafael', 'Ambo', 'Huanuco'),
('100208', 'Tomay Kichwa', 'Ambo', 'Huanuco'),
('100301', 'La Union', 'Dos de Mayo', 'Huanuco'),
('100307', 'Chuquis', 'Dos de Mayo', 'Huanuco'),
('100311', 'Marias', 'Dos de Mayo', 'Huanuco'),
('100313', 'Pachas', 'Dos de Mayo', 'Huanuco'),
('100316', 'Quivilla', 'Dos de Mayo', 'Huanuco'),
('100317', 'Ripan', 'Dos de Mayo', 'Huanuco'),
('100321', 'Shunqui', 'Dos de Mayo', 'Huanuco'),
('100322', 'Sillapata', 'Dos de Mayo', 'Huanuco'),
('100323', 'Yanas', 'Dos de Mayo', 'Huanuco'),
('100401', 'Huacaybamba', 'Huacaybamba', 'Huanuco'),
('100402', 'Canchabamba', 'Huacaybamba', 'Huanuco'),
('100403', 'Cochabamba', 'Huacaybamba', 'Huanuco'),
('100404', 'Pinra', 'Huacaybamba', 'Huanuco'),
('100501', 'Llata', 'Huamalies', 'Huanuco'),
('100502', 'Arancay', 'Huamalies', 'Huanuco'),
('100503', 'Chavin de Pariarca', 'Huamalies', 'Huanuco'),
('100504', 'Jacas Grande', 'Huamalies', 'Huanuco'),
('100505', 'Jircan', 'Huamalies', 'Huanuco'),
('100506', 'Miraflores', 'Huamalies', 'Huanuco'),
('100507', 'Monzon', 'Huamalies', 'Huanuco'),
('100508', 'Punchao', 'Huamalies', 'Huanuco'),
('100509', 'Puños', 'Huamalies', 'Huanuco'),
('100510', 'Singa', 'Huamalies', 'Huanuco'),
('100511', 'Tantamayo', 'Huamalies', 'Huanuco'),
('100601', 'Rupa-Rupa', 'Leoncio Prado', 'Huanuco'),
('100602', 'Daniel Alomias Robles', 'Leoncio Prado', 'Huanuco'),
('100603', 'Hermilio Valdizan', 'Leoncio Prado', 'Huanuco'),
('100604', 'Jose Crespo y Castillo', 'Leoncio Prado', 'Huanuco'),
('100605', 'Luyando', 'Leoncio Prado', 'Huanuco'),
('100606', 'Mariano Damaso Beraun', 'Leoncio Prado', 'Huanuco'),
('100607', 'Pucayacu', 'Leoncio Prado', 'Huanuco'),
('100608', 'Castillo Grande', 'Leoncio Prado', 'Huanuco'),
('100609', 'Pueblo Nuevo', 'Leoncio Prado', 'Huanuco'),
('100610', 'Santo Domingo de Anda', 'Leoncio Prado', 'Huanuco'),
('100701', 'Huacrachuco', 'Marañon', 'Huanuco'),
('100702', 'Cholon', 'Marañon', 'Huanuco'),
('100703', 'San Buenaventura', 'Marañon', 'Huanuco'),
('100704', 'La Morada', 'Marañon', 'Huanuco'),
('100705', 'Santa Rosa de Alto Yanajanca', 'Marañon', 'Huanuco'),
('100801', 'Panao', 'Pachitea', 'Huanuco'),
('100802', 'Chaglla', 'Pachitea', 'Huanuco'),
('100803', 'Molino', 'Pachitea', 'Huanuco'),
('100804', 'Umari', 'Pachitea', 'Huanuco'),
('100901', 'Puerto Inca', 'Puerto Inca', 'Huanuco'),
('100902', 'Codo del Pozuzo', 'Puerto Inca', 'Huanuco'),
('100903', 'Honoria', 'Puerto Inca', 'Huanuco'),
('100904', 'Tournavista', 'Puerto Inca', 'Huanuco'),
('100905', 'Yuyapichis', 'Puerto Inca', 'Huanuco'),
('101001', 'Jesus', 'Lauricocha', 'Huanuco'),
('101002', 'Baños', 'Lauricocha', 'Huanuco'),
('101003', 'Jivia', 'Lauricocha', 'Huanuco'),
('101004', 'Queropalca', 'Lauricocha', 'Huanuco'),
('101005', 'Rondos', 'Lauricocha', 'Huanuco'),
('101006', 'San Francisco de Asis', 'Lauricocha', 'Huanuco'),
('101007', 'San Miguel de Cauri', 'Lauricocha', 'Huanuco'),
('101101', 'Chavinillo', 'Yarowilca', 'Huanuco'),
('101102', 'Cahuac', 'Yarowilca', 'Huanuco'),
('101103', 'Chacabamba', 'Yarowilca', 'Huanuco'),
('101104', 'Aparicio Pomares', 'Yarowilca', 'Huanuco'),
('101105', 'Jacas Chico', 'Yarowilca', 'Huanuco'),
('101106', 'Obas', 'Yarowilca', 'Huanuco'),
('101107', 'Pampamarca', 'Yarowilca', 'Huanuco'),
('101108', 'Choras', 'Yarowilca', 'Huanuco'),
('110101', 'Ica', 'Ica', 'Ica'),
('110102', 'La Tinguiña', 'Ica', 'Ica'),
('110103', 'Los Aquijes', 'Ica', 'Ica'),
('110104', 'Ocucaje', 'Ica', 'Ica'),
('110105', 'Pachacutec', 'Ica', 'Ica'),
('110106', 'Parcona', 'Ica', 'Ica'),
('110107', 'Pueblo Nuevo', 'Ica', 'Ica'),
('110108', 'Salas', 'Ica', 'Ica'),
('110109', 'San Jose de los Molinos', 'Ica', 'Ica'),
('110110', 'San Juan Bautista', 'Ica', 'Ica'),
('110111', 'Santiago', 'Ica', 'Ica'),
('110112', 'Subtanjalla', 'Ica', 'Ica'),
('110113', 'Tate', 'Ica', 'Ica'),
('110114', 'Yauca del Rosario', 'Ica', 'Ica'),
('110201', 'Chincha Alta', 'Chincha', 'Ica'),
('110202', 'Alto Laran', 'Chincha', 'Ica'),
('110203', 'Chavin', 'Chincha', 'Ica'),
('110204', 'Chincha Baja', 'Chincha', 'Ica'),
('110205', 'El Carmen', 'Chincha', 'Ica'),
('110206', 'Grocio Prado', 'Chincha', 'Ica'),
('110207', 'Pueblo Nuevo', 'Chincha', 'Ica'),
('110208', 'San Juan de Yanac', 'Chincha', 'Ica'),
('110209', 'San Pedro de Huacarpana', 'Chincha', 'Ica'),
('110210', 'Sunampe', 'Chincha', 'Ica'),
('110211', 'Tambo de Mora', 'Chincha', 'Ica'),
('110301', 'Nazca', 'Nazca', 'Ica'),
('110302', 'Changuillo', 'Nazca', 'Ica'),
('110303', 'El Ingenio', 'Nazca', 'Ica'),
('110304', 'Marcona', 'Nazca', 'Ica'),
('110305', 'Vista Alegre', 'Nazca', 'Ica'),
('110401', 'Palpa', 'Palpa', 'Ica'),
('110402', 'Llipata', 'Palpa', 'Ica'),
('110403', 'Rio Grande', 'Palpa', 'Ica'),
('110404', 'Santa Cruz', 'Palpa', 'Ica'),
('110405', 'Tibillo', 'Palpa', 'Ica'),
('110501', 'Pisco', 'Pisco', 'Ica'),
('110502', 'Huancano', 'Pisco', 'Ica'),
('110503', 'Humay', 'Pisco', 'Ica'),
('110504', 'Independencia', 'Pisco', 'Ica'),
('110505', 'Paracas', 'Pisco', 'Ica'),
('110506', 'San Andres', 'Pisco', 'Ica'),
('110507', 'San Clemente', 'Pisco', 'Ica'),
('110508', 'Tupac Amaru Inca', 'Pisco', 'Ica'),
('120101', 'Huancayo', 'Huancayo', 'Junin'),
('120104', 'Carhuacallanga', 'Huancayo', 'Junin'),
('120105', 'Chacapampa', 'Huancayo', 'Junin'),
('120106', 'Chicche', 'Huancayo', 'Junin'),
('120107', 'Chilca', 'Huancayo', 'Junin'),
('120108', 'Chongos Alto', 'Huancayo', 'Junin'),
('120111', 'Chupuro', 'Huancayo', 'Junin'),
('120112', 'Colca', 'Huancayo', 'Junin'),
('120113', 'Cullhuas', 'Huancayo', 'Junin'),
('120114', 'El Tambo', 'Huancayo', 'Junin'),
('120116', 'Huacrapuquio', 'Huancayo', 'Junin'),
('120117', 'Hualhuas', 'Huancayo', 'Junin'),
('120119', 'Huancan', 'Huancayo', 'Junin'),
('120120', 'Huasicancha', 'Huancayo', 'Junin'),
('120121', 'Huayucachi', 'Huancayo', 'Junin'),
('120122', 'Ingenio', 'Huancayo', 'Junin'),
('120124', 'Pariahuanca', 'Huancayo', 'Junin'),
('120125', 'Pilcomayo', 'Huancayo', 'Junin'),
('120126', 'Pucara', 'Huancayo', 'Junin'),
('120127', 'Quichuay', 'Huancayo', 'Junin'),
('120128', 'Quilcas', 'Huancayo', 'Junin'),
('120129', 'San Agustin', 'Huancayo', 'Junin'),
('120130', 'San Jeronimo de Tunan', 'Huancayo', 'Junin'),
('120132', 'Saño', 'Huancayo', 'Junin'),
('120133', 'Sapallanga', 'Huancayo', 'Junin'),
('120134', 'Sicaya', 'Huancayo', 'Junin'),
('120135', 'Santo Domingo de Acobamba', 'Huancayo', 'Junin'),
('120136', 'Viques', 'Huancayo', 'Junin'),
('120201', 'Concepcion', 'Concepcion', 'Junin'),
('120202', 'Aco', 'Concepcion', 'Junin'),
('120203', 'Andamarca', 'Concepcion', 'Junin'),
('120204', 'Chambara', 'Concepcion', 'Junin'),
('120205', 'Cochas', 'Concepcion', 'Junin'),
('120206', 'Comas', 'Concepcion', 'Junin'),
('120207', 'Heroinas Toledo', 'Concepcion', 'Junin'),
('120208', 'Manzanares', 'Concepcion', 'Junin'),
('120209', 'Mariscal Castilla', 'Concepcion', 'Junin'),
('120210', 'Matahuasi', 'Concepcion', 'Junin'),
('120211', 'Mito', 'Concepcion', 'Junin'),
('120212', 'Nueve de Julio', 'Concepcion', 'Junin'),
('120213', 'Orcotuna', 'Concepcion', 'Junin'),
('120214', 'San Jose de Quero', 'Concepcion', 'Junin'),
('120215', 'Santa Rosa de Ocopa', 'Concepcion', 'Junin'),
('120301', 'Chanchamayo', 'Chanchamayo', 'Junin'),
('120302', 'Perene', 'Chanchamayo', 'Junin'),
('120303', 'Pichanaqui', 'Chanchamayo', 'Junin'),
('120304', 'San Luis de Shuaro', 'Chanchamayo', 'Junin'),
('120305', 'San Ramon', 'Chanchamayo', 'Junin'),
('120306', 'Vitoc', 'Chanchamayo', 'Junin'),
('120401', 'Jauja', 'Jauja', 'Junin'),
('120402', 'Acolla', 'Jauja', 'Junin'),
('120403', 'Apata', 'Jauja', 'Junin'),
('120404', 'Ataura', 'Jauja', 'Junin'),
('120405', 'Canchayllo', 'Jauja', 'Junin'),
('120406', 'Curicaca', 'Jauja', 'Junin'),
('120407', 'El Mantaro', 'Jauja', 'Junin'),
('120408', 'Huamali', 'Jauja', 'Junin'),
('120409', 'Huaripampa', 'Jauja', 'Junin'),
('120410', 'Huertas', 'Jauja', 'Junin'),
('120411', 'Janjaillo', 'Jauja', 'Junin'),
('120412', 'Julcan', 'Jauja', 'Junin'),
('120413', 'Leonor Ordoñez', 'Jauja', 'Junin'),
('120414', 'Llocllapampa', 'Jauja', 'Junin'),
('120415', 'Marco', 'Jauja', 'Junin'),
('120416', 'Masma', 'Jauja', 'Junin'),
('120417', 'Masma Chicche', 'Jauja', 'Junin'),
('120418', 'Molinos', 'Jauja', 'Junin'),
('120419', 'Monobamba', 'Jauja', 'Junin'),
('120420', 'Muqui', 'Jauja', 'Junin'),
('120421', 'Muquiyauyo', 'Jauja', 'Junin'),
('120422', 'Paca', 'Jauja', 'Junin'),
('120423', 'Paccha', 'Jauja', 'Junin'),
('120424', 'Pancan', 'Jauja', 'Junin'),
('120425', 'Parco', 'Jauja', 'Junin'),
('120426', 'Pomacancha', 'Jauja', 'Junin'),
('120427', 'Ricran', 'Jauja', 'Junin'),
('120428', 'San Lorenzo', 'Jauja', 'Junin'),
('120429', 'San Pedro de Chunan', 'Jauja', 'Junin'),
('120430', 'Sausa', 'Jauja', 'Junin'),
('120431', 'Sincos', 'Jauja', 'Junin'),
('120432', 'Tunan Marca', 'Jauja', 'Junin'),
('120433', 'Yauli', 'Jauja', 'Junin'),
('120434', 'Yauyos', 'Jauja', 'Junin'),
('120501', 'Junin', 'Junin', 'Junin'),
('120502', 'Carhuamayo', 'Junin', 'Junin'),
('120503', 'Ondores', 'Junin', 'Junin'),
('120504', 'Ulcumayo', 'Junin', 'Junin'),
('120601', 'Satipo', 'Satipo', 'Junin'),
('120602', 'Coviriali', 'Satipo', 'Junin'),
('120603', 'Llaylla', 'Satipo', 'Junin'),
('120604', 'Mazamari', 'Satipo', 'Junin'),
('120605', 'Pampa Hermosa', 'Satipo', 'Junin'),
('120606', 'Pangoa', 'Satipo', 'Junin'),
('120607', 'Rio Negro', 'Satipo', 'Junin'),
('120608', 'Rio Tambo', 'Satipo', 'Junin'),
('120609', 'Vizcatán del Ene', 'Satipo', 'Junin'),
('120701', 'Tarma', 'Tarma', 'Junin'),
('120702', 'Acobamba', 'Tarma', 'Junin'),
('120703', 'Huaricolca', 'Tarma', 'Junin'),
('120704', 'Huasahuasi', 'Tarma', 'Junin'),
('120705', 'La Union', 'Tarma', 'Junin'),
('120706', 'Palca', 'Tarma', 'Junin'),
('120707', 'Palcamayo', 'Tarma', 'Junin'),
('120708', 'San Pedro de Cajas', 'Tarma', 'Junin'),
('120709', 'Tapo', 'Tarma', 'Junin'),
('120801', 'La Oroya', 'Yauli', 'Junin'),
('120802', 'Chacapalpa', 'Yauli', 'Junin'),
('120803', 'Huay-Huay', 'Yauli', 'Junin'),
('120804', 'Marcapomacocha', 'Yauli', 'Junin'),
('120805', 'Morococha', 'Yauli', 'Junin'),
('120806', 'Paccha', 'Yauli', 'Junin'),
('120807', 'Santa Barbara de Carhuacayan', 'Yauli', 'Junin'),
('120808', 'Santa Rosa de Sacco', 'Yauli', 'Junin'),
('120809', 'Suitucancha', 'Yauli', 'Junin'),
('120810', 'Yauli', 'Yauli', 'Junin'),
('120901', 'Chupaca', 'Chupaca', 'Junin'),
('120902', 'Ahuac', 'Chupaca', 'Junin'),
('120903', 'Chongos Bajo', 'Chupaca', 'Junin'),
('120904', 'Huachac', 'Chupaca', 'Junin'),
('120905', 'Huamancaca Chico', 'Chupaca', 'Junin'),
('120906', 'San Juan de Yscos', 'Chupaca', 'Junin'),
('120907', 'San Juan de Jarpa', 'Chupaca', 'Junin'),
('120908', 'Tres de Diciembre', 'Chupaca', 'Junin'),
('120909', 'Yanacancha', 'Chupaca', 'Junin'),
('130101', 'Trujillo', 'Trujillo', 'La Libertad'),
('130102', 'El Porvenir', 'Trujillo', 'La Libertad'),
('130103', 'Florencia de Mora', 'Trujillo', 'La Libertad'),
('130104', 'Huanchaco', 'Trujillo', 'La Libertad'),
('130105', 'La Esperanza', 'Trujillo', 'La Libertad'),
('130106', 'Laredo', 'Trujillo', 'La Libertad'),
('130107', 'Moche', 'Trujillo', 'La Libertad'),
('130108', 'Poroto', 'Trujillo', 'La Libertad'),
('130109', 'Salaverry', 'Trujillo', 'La Libertad'),
('130110', 'Simbal', 'Trujillo', 'La Libertad'),
('130111', 'Victor Larco Herrera', 'Trujillo', 'La Libertad'),
('130201', 'Ascope', 'Ascope', 'La Libertad'),
('130202', 'Chicama', 'Ascope', 'La Libertad'),
('130203', 'Chocope', 'Ascope', 'La Libertad'),
('130204', 'Magdalena de Cao', 'Ascope', 'La Libertad'),
('130205', 'Paijan', 'Ascope', 'La Libertad'),
('130206', 'Razuri', 'Ascope', 'La Libertad'),
('130207', 'Santiago de Cao', 'Ascope', 'La Libertad'),
('130208', 'Casa Grande', 'Ascope', 'La Libertad'),
('130301', 'Bolivar', 'Bolivar', 'La Libertad'),
('130302', 'Bambamarca', 'Bolivar', 'La Libertad'),
('130303', 'Condormarca', 'Bolivar', 'La Libertad'),
('130304', 'Longotea', 'Bolivar', 'La Libertad'),
('130305', 'Uchumarca', 'Bolivar', 'La Libertad'),
('130306', 'Ucuncha', 'Bolivar', 'La Libertad'),
('130401', 'Chepen', 'Chepen', 'La Libertad'),
('130402', 'Pacanga', 'Chepen', 'La Libertad'),
('130403', 'Pueblo Nuevo', 'Chepen', 'La Libertad'),
('130501', 'Julcan', 'Julcan', 'La Libertad'),
('130502', 'Calamarca', 'Julcan', 'La Libertad'),
('130503', 'Carabamba', 'Julcan', 'La Libertad'),
('130504', 'Huaso', 'Julcan', 'La Libertad'),
('130601', 'Otuzco', 'Otuzco', 'La Libertad'),
('130602', 'Agallpampa', 'Otuzco', 'La Libertad'),
('130604', 'Charat', 'Otuzco', 'La Libertad'),
('130605', 'Huaranchal', 'Otuzco', 'La Libertad'),
('130606', 'La Cuesta', 'Otuzco', 'La Libertad'),
('130608', 'Mache', 'Otuzco', 'La Libertad'),
('130610', 'Paranday', 'Otuzco', 'La Libertad'),
('130611', 'Salpo', 'Otuzco', 'La Libertad'),
('130613', 'Sinsicap', 'Otuzco', 'La Libertad'),
('130614', 'Usquil', 'Otuzco', 'La Libertad'),
('130701', 'San Pedro de Lloc', 'Pacasmayo', 'La Libertad'),
('130702', 'Guadalupe', 'Pacasmayo', 'La Libertad'),
('130703', 'Jequetepeque', 'Pacasmayo', 'La Libertad'),
('130704', 'Pacasmayo', 'Pacasmayo', 'La Libertad'),
('130705', 'San Jose', 'Pacasmayo', 'La Libertad'),
('130801', 'Tayabamba', 'Pataz', 'La Libertad'),
('130802', 'Buldibuyo', 'Pataz', 'La Libertad'),
('130803', 'Chillia', 'Pataz', 'La Libertad'),
('130804', 'Huancaspata', 'Pataz', 'La Libertad'),
('130805', 'Huaylillas', 'Pataz', 'La Libertad'),
('130806', 'Huayo', 'Pataz', 'La Libertad'),
('130807', 'Ongon', 'Pataz', 'La Libertad'),
('130808', 'Parcoy', 'Pataz', 'La Libertad'),
('130809', 'Pataz', 'Pataz', 'La Libertad'),
('130810', 'Pias', 'Pataz', 'La Libertad'),
('130811', 'Santiago de Challas', 'Pataz', 'La Libertad'),
('130812', 'Taurija', 'Pataz', 'La Libertad'),
('130813', 'Urpay', 'Pataz', 'La Libertad'),
('130901', 'Huamachuco', 'Sanchez Carrion', 'La Libertad'),
('130902', 'Chugay', 'Sanchez Carrion', 'La Libertad'),
('130903', 'Cochorco', 'Sanchez Carrion', 'La Libertad'),
('130904', 'Curgos', 'Sanchez Carrion', 'La Libertad'),
('130905', 'Marcabal', 'Sanchez Carrion', 'La Libertad'),
('130906', 'Sanagoran', 'Sanchez Carrion', 'La Libertad'),
('130907', 'Sarin', 'Sanchez Carrion', 'La Libertad'),
('130908', 'Sartimbamba', 'Sanchez Carrion', 'La Libertad'),
('131001', 'Santiago de Chuco', 'Santiago de Chuco', 'La Libertad'),
('131002', 'Angasmarca', 'Santiago de Chuco', 'La Libertad'),
('131003', 'Cachicadan', 'Santiago de Chuco', 'La Libertad'),
('131004', 'Mollebamba', 'Santiago de Chuco', 'La Libertad'),
('131005', 'Mollepata', 'Santiago de Chuco', 'La Libertad'),
('131006', 'Quiruvilca', 'Santiago de Chuco', 'La Libertad'),
('131007', 'Santa Cruz de Chuca', 'Santiago de Chuco', 'La Libertad'),
('131008', 'Sitabamba', 'Santiago de Chuco', 'La Libertad'),
('131101', 'Cascas', 'Gran Chimu', 'La Libertad'),
('131102', 'Lucma', 'Gran Chimu', 'La Libertad'),
('131103', 'Compin', 'Gran Chimu', 'La Libertad'),
('131104', 'Sayapullo', 'Gran Chimu', 'La Libertad'),
('131201', 'Viru', 'Viru', 'La Libertad'),
('131202', 'Chao', 'Viru', 'La Libertad'),
('131203', 'Guadalupito', 'Viru', 'La Libertad'),
('140101', 'Chiclayo', 'Chiclayo', 'Lambayeque'),
('140102', 'Chongoyape', 'Chiclayo', 'Lambayeque'),
('140103', 'Eten', 'Chiclayo', 'Lambayeque'),
('140104', 'Eten Puerto', 'Chiclayo', 'Lambayeque'),
('140105', 'Jose Leonardo Ortiz', 'Chiclayo', 'Lambayeque'),
('140106', 'La Victoria', 'Chiclayo', 'Lambayeque'),
('140107', 'Lagunas', 'Chiclayo', 'Lambayeque'),
('140108', 'Monsefu', 'Chiclayo', 'Lambayeque'),
('140109', 'Nueva Arica', 'Chiclayo', 'Lambayeque'),
('140110', 'Oyotun', 'Chiclayo', 'Lambayeque'),
('140111', 'Picsi', 'Chiclayo', 'Lambayeque'),
('140112', 'Pimentel', 'Chiclayo', 'Lambayeque'),
('140113', 'Reque', 'Chiclayo', 'Lambayeque'),
('140114', 'Santa Rosa', 'Chiclayo', 'Lambayeque'),
('140115', 'Saña', 'Chiclayo', 'Lambayeque'),
('140116', 'Cayalti', 'Chiclayo', 'Lambayeque'),
('140117', 'Patapo', 'Chiclayo', 'Lambayeque'),
('140118', 'Pomalca', 'Chiclayo', 'Lambayeque'),
('140119', 'Pucala', 'Chiclayo', 'Lambayeque'),
('140120', 'Tuman', 'Chiclayo', 'Lambayeque'),
('140201', 'Ferreñafe', 'Ferreñafe', 'Lambayeque'),
('140202', 'Cañaris', 'Ferreñafe', 'Lambayeque'),
('140203', 'Incahuasi', 'Ferreñafe', 'Lambayeque'),
('140204', 'Manuel Antonio Mesones Muro', 'Ferreñafe', 'Lambayeque'),
('140205', 'Pitipo', 'Ferreñafe', 'Lambayeque'),
('140206', 'Pueblo Nuevo', 'Ferreñafe', 'Lambayeque'),
('140301', 'Lambayeque', 'Lambayeque', 'Lambayeque'),
('140302', 'Chochope', 'Lambayeque', 'Lambayeque'),
('140303', 'Illimo', 'Lambayeque', 'Lambayeque'),
('140304', 'Jayanca', 'Lambayeque', 'Lambayeque'),
('140305', 'Mochumi', 'Lambayeque', 'Lambayeque'),
('140306', 'Morrope', 'Lambayeque', 'Lambayeque'),
('140307', 'Motupe', 'Lambayeque', 'Lambayeque'),
('140308', 'Olmos', 'Lambayeque', 'Lambayeque'),
('140309', 'Pacora', 'Lambayeque', 'Lambayeque'),
('140310', 'Salas', 'Lambayeque', 'Lambayeque'),
('140311', 'San Jose', 'Lambayeque', 'Lambayeque'),
('140312', 'Tucume', 'Lambayeque', 'Lambayeque'),
('150101', 'Lima', 'Lima', 'Lima'),
('150102', 'Ancon', 'Lima', 'Lima'),
('150103', 'Ate', 'Lima', 'Lima'),
('150104', 'Barranco', 'Lima', 'Lima'),
('150105', 'Breña', 'Lima', 'Lima'),
('150106', 'Carabayllo', 'Lima', 'Lima'),
('150107', 'Chaclacayo', 'Lima', 'Lima'),
('150108', 'Chorrillos', 'Lima', 'Lima'),
('150109', 'Cieneguilla', 'Lima', 'Lima'),
('150110', 'Comas', 'Lima', 'Lima'),
('150111', 'El Agustino', 'Lima', 'Lima'),
('150112', 'Independencia', 'Lima', 'Lima'),
('150113', 'Jesus Maria', 'Lima', 'Lima'),
('150114', 'La Molina', 'Lima', 'Lima'),
('150115', 'La Victoria', 'Lima', 'Lima'),
('150116', 'Lince', 'Lima', 'Lima'),
('150117', 'Los Olivos', 'Lima', 'Lima'),
('150118', 'Lurigancho', 'Lima', 'Lima'),
('150119', 'Lurin', 'Lima', 'Lima'),
('150120', 'Magdalena del Mar', 'Lima', 'Lima'),
('150121', 'Pueblo Libre', 'Lima', 'Lima'),
('150122', 'Miraflores', 'Lima', 'Lima'),
('150123', 'Pachacamac', 'Lima', 'Lima'),
('150124', 'Pucusana', 'Lima', 'Lima'),
('150125', 'Puente Piedra', 'Lima', 'Lima'),
('150126', 'Punta Hermosa', 'Lima', 'Lima'),
('150127', 'Punta Negra', 'Lima', 'Lima'),
('150128', 'Rimac', 'Lima', 'Lima'),
('150129', 'San Bartolo', 'Lima', 'Lima'),
('150130', 'San Borja', 'Lima', 'Lima'),
('150131', 'San Isidro', 'Lima', 'Lima'),
('150132', 'San Juan de Lurigancho', 'Lima', 'Lima'),
('150133', 'San Juan de Miraflores', 'Lima', 'Lima'),
('150134', 'San Luis', 'Lima', 'Lima'),
('150135', 'San Martin de Porres', 'Lima', 'Lima'),
('150136', 'San Miguel', 'Lima', 'Lima'),
('150137', 'Santa Anita', 'Lima', 'Lima'),
('150138', 'Santa Maria del Mar', 'Lima', 'Lima'),
('150139', 'Santa Rosa', 'Lima', 'Lima'),
('150140', 'Santiago de Surco', 'Lima', 'Lima'),
('150141', 'Surquillo', 'Lima', 'Lima'),
('150142', 'Villa El Salvador', 'Lima', 'Lima'),
('150143', 'Villa Maria del Triunfo', 'Lima', 'Lima'),
('150201', 'Barranca', 'Barranca', 'Lima'),
('150202', 'Paramonga', 'Barranca', 'Lima'),
('150203', 'Pativilca', 'Barranca', 'Lima'),
('150204', 'Supe', 'Barranca', 'Lima'),
('150205', 'Supe Puerto', 'Barranca', 'Lima'),
('150301', 'Cajatambo', 'Cajatambo', 'Lima'),
('150302', 'Copa', 'Cajatambo', 'Lima'),
('150303', 'Gorgor', 'Cajatambo', 'Lima'),
('150304', 'Huancapon', 'Cajatambo', 'Lima'),
('150305', 'Manas', 'Cajatambo', 'Lima'),
('150401', 'Canta', 'Canta', 'Lima'),
('150402', 'Arahuay', 'Canta', 'Lima'),
('150403', 'Huamantanga', 'Canta', 'Lima'),
('150404', 'Huaros', 'Canta', 'Lima'),
('150405', 'Lachaqui', 'Canta', 'Lima'),
('150406', 'San Buenaventura', 'Canta', 'Lima'),
('150407', 'Santa Rosa de Quives', 'Canta', 'Lima'),
('150501', 'San Vicente de Cañete', 'Cañete', 'Lima'),
('150502', 'Asia', 'Cañete', 'Lima'),
('150503', 'Calango', 'Cañete', 'Lima'),
('150504', 'Cerro Azul', 'Cañete', 'Lima'),
('150505', 'Chilca', 'Cañete', 'Lima'),
('150506', 'Coayllo', 'Cañete', 'Lima'),
('150507', 'Imperial', 'Cañete', 'Lima'),
('150508', 'Lunahuana', 'Cañete', 'Lima'),
('150509', 'Mala', 'Cañete', 'Lima'),
('150510', 'Nuevo Imperial', 'Cañete', 'Lima'),
('150511', 'Pacaran', 'Cañete', 'Lima'),
('150512', 'Quilmana', 'Cañete', 'Lima'),
('150513', 'San Antonio', 'Cañete', 'Lima'),
('150514', 'San Luis', 'Cañete', 'Lima'),
('150515', 'Santa Cruz de Flores', 'Cañete', 'Lima'),
('150516', 'Zuñiga', 'Cañete', 'Lima'),
('150601', 'Huaral', 'Huaral', 'Lima'),
('150602', 'Atavillos Alto', 'Huaral', 'Lima'),
('150603', 'Atavillos Bajo', 'Huaral', 'Lima'),
('150604', 'Aucallama', 'Huaral', 'Lima'),
('150605', 'Chancay', 'Huaral', 'Lima'),
('150606', 'Ihuari', 'Huaral', 'Lima'),
('150607', 'Lampian', 'Huaral', 'Lima'),
('150608', 'Pacaraos', 'Huaral', 'Lima'),
('150609', 'San Miguel de Acos', 'Huaral', 'Lima'),
('150610', 'Santa Cruz de Andamarca', 'Huaral', 'Lima'),
('150611', 'Sumbilca', 'Huaral', 'Lima'),
('150612', 'Veintisiete de Noviembre', 'Huaral', 'Lima'),
('150701', 'Matucana', 'Huarochiri', 'Lima'),
('150702', 'Antioquia', 'Huarochiri', 'Lima'),
('150703', 'Callahuanca', 'Huarochiri', 'Lima'),
('150704', 'Carampoma', 'Huarochiri', 'Lima'),
('150705', 'Chicla', 'Huarochiri', 'Lima'),
('150706', 'Cuenca', 'Huarochiri', 'Lima'),
('150707', 'Huachupampa', 'Huarochiri', 'Lima'),
('150708', 'Huanza', 'Huarochiri', 'Lima'),
('150709', 'Huarochiri', 'Huarochiri', 'Lima'),
('150710', 'Lahuaytambo', 'Huarochiri', 'Lima'),
('150711', 'Langa', 'Huarochiri', 'Lima'),
('150712', 'Laraos', 'Huarochiri', 'Lima'),
('150713', 'Mariatana', 'Huarochiri', 'Lima'),
('150714', 'Ricardo Palma', 'Huarochiri', 'Lima'),
('150715', 'San Andres de Tupicocha', 'Huarochiri', 'Lima'),
('150716', 'San Antonio', 'Huarochiri', 'Lima'),
('150717', 'San Bartolome', 'Huarochiri', 'Lima'),
('150718', 'San Damian', 'Huarochiri', 'Lima'),
('150719', 'San Juan de Iris', 'Huarochiri', 'Lima'),
('150720', 'San Juan de Tantaranche', 'Huarochiri', 'Lima'),
('150721', 'San Lorenzo de Quinti', 'Huarochiri', 'Lima'),
('150722', 'San Mateo', 'Huarochiri', 'Lima'),
('150723', 'San Mateo de Otao', 'Huarochiri', 'Lima'),
('150724', 'San Pedro de Casta', 'Huarochiri', 'Lima'),
('150725', 'San Pedro de Huancayre', 'Huarochiri', 'Lima'),
('150726', 'Sangallaya', 'Huarochiri', 'Lima'),
('150727', 'Santa Cruz de Cocachacra', 'Huarochiri', 'Lima'),
('150728', 'Santa Eulalia', 'Huarochiri', 'Lima'),
('150729', 'Santiago de Anchucaya', 'Huarochiri', 'Lima'),
('150730', 'Santiago de Tuna', 'Huarochiri', 'Lima'),
('150731', 'Santo Domingo de los Olleros', 'Huarochiri', 'Lima'),
('150732', 'Surco', 'Huarochiri', 'Lima'),
('150801', 'Huacho', 'Huaura', 'Lima'),
('150802', 'Ambar', 'Huaura', 'Lima'),
('150803', 'Caleta de Carquin', 'Huaura', 'Lima'),
('150804', 'Checras', 'Huaura', 'Lima'),
('150805', 'Hualmay', 'Huaura', 'Lima'),
('150806', 'Huaura', 'Huaura', 'Lima'),
('150807', 'Leoncio Prado', 'Huaura', 'Lima'),
('150808', 'Paccho', 'Huaura', 'Lima'),
('150809', 'Santa Leonor', 'Huaura', 'Lima'),
('150810', 'Santa Maria', 'Huaura', 'Lima'),
('150811', 'Sayan', 'Huaura', 'Lima'),
('150812', 'Vegueta', 'Huaura', 'Lima'),
('150901', 'Oyon', 'Oyon', 'Lima'),
('150902', 'Andajes', 'Oyon', 'Lima'),
('150903', 'Caujul', 'Oyon', 'Lima'),
('150904', 'Cochamarca', 'Oyon', 'Lima'),
('150905', 'Navan', 'Oyon', 'Lima'),
('150906', 'Pachangara', 'Oyon', 'Lima'),
('151001', 'Yauyos', 'Yauyos', 'Lima'),
('151002', 'Alis', 'Yauyos', 'Lima'),
('151003', 'Ayauca', 'Yauyos', 'Lima'),
('151004', 'Ayaviri', 'Yauyos', 'Lima'),
('151005', 'Azangaro', 'Yauyos', 'Lima'),
('151006', 'Cacra', 'Yauyos', 'Lima'),
('151007', 'Carania', 'Yauyos', 'Lima'),
('151008', 'Catahuasi', 'Yauyos', 'Lima'),
('151009', 'Chocos', 'Yauyos', 'Lima'),
('151010', 'Cochas', 'Yauyos', 'Lima'),
('151011', 'Colonia', 'Yauyos', 'Lima'),
('151012', 'Hongos', 'Yauyos', 'Lima'),
('151013', 'Huampara', 'Yauyos', 'Lima'),
('151014', 'Huancaya', 'Yauyos', 'Lima'),
('151015', 'Huangascar', 'Yauyos', 'Lima'),
('151016', 'Huantan', 'Yauyos', 'Lima'),
('151017', 'Huañec', 'Yauyos', 'Lima'),
('151018', 'Laraos', 'Yauyos', 'Lima'),
('151019', 'Lincha', 'Yauyos', 'Lima'),
('151020', 'Madean', 'Yauyos', 'Lima'),
('151021', 'Miraflores', 'Yauyos', 'Lima'),
('151022', 'Omas', 'Yauyos', 'Lima'),
('151023', 'Putinza', 'Yauyos', 'Lima'),
('151024', 'Quinches', 'Yauyos', 'Lima'),
('151025', 'Quinocay', 'Yauyos', 'Lima'),
('151026', 'San Joaquin', 'Yauyos', 'Lima'),
('151027', 'San Pedro de Pilas', 'Yauyos', 'Lima'),
('151028', 'Tanta', 'Yauyos', 'Lima'),
('151029', 'Tauripampa', 'Yauyos', 'Lima'),
('151030', 'Tomas', 'Yauyos', 'Lima'),
('151031', 'Tupe', 'Yauyos', 'Lima'),
('151032', 'Viñac', 'Yauyos', 'Lima'),
('151033', 'Vitis', 'Yauyos', 'Lima'),
('160101', 'Iquitos', 'Maynas', 'Loreto'),
('160102', 'Alto Nanay', 'Maynas', 'Loreto'),
('160103', 'Fernando Lores', 'Maynas', 'Loreto'),
('160104', 'Indiana', 'Maynas', 'Loreto'),
('160105', 'Las Amazonas', 'Maynas', 'Loreto'),
('160106', 'Mazan', 'Maynas', 'Loreto'),
('160107', 'Napo', 'Maynas', 'Loreto'),
('160108', 'Punchana', 'Maynas', 'Loreto'),
('160110', 'Torres Causana', 'Maynas', 'Loreto'),
('160112', 'Belen', 'Maynas', 'Loreto'),
('160113', 'San Juan Bautista', 'Maynas', 'Loreto'),
('160201', 'Yurimaguas', 'Alto Amazonas', 'Loreto'),
('160202', 'Balsapuerto', 'Alto Amazonas', 'Loreto'),
('160205', 'Jeberos', 'Alto Amazonas', 'Loreto'),
('160206', 'Lagunas', 'Alto Amazonas', 'Loreto'),
('160210', 'Santa Cruz', 'Alto Amazonas', 'Loreto'),
('160211', 'Teniente Cesar Lopez Rojas', 'Alto Amazonas', 'Loreto'),
('160301', 'Nauta', 'Loreto', 'Loreto'),
('160302', 'Parinari', 'Loreto', 'Loreto'),
('160303', 'Tigre', 'Loreto', 'Loreto'),
('160304', 'Trompeteros', 'Loreto', 'Loreto'),
('160305', 'Urarinas', 'Loreto', 'Loreto'),
('160401', 'Ramon Castilla', 'Mariscal Ramon Castilla', 'Loreto'),
('160402', 'Pebas', 'Mariscal Ramon Castilla', 'Loreto'),
('160403', 'Yavari', 'Mariscal Ramon Castilla', 'Loreto'),
('160404', 'San Pablo', 'Mariscal Ramon Castilla', 'Loreto'),
('160501', 'Requena', 'Requena', 'Loreto'),
('160502', 'Alto Tapiche', 'Requena', 'Loreto'),
('160503', 'Capelo', 'Requena', 'Loreto'),
('160504', 'Emilio San Martin', 'Requena', 'Loreto'),
('160505', 'Maquia', 'Requena', 'Loreto'),
('160506', 'Puinahua', 'Requena', 'Loreto'),
('160507', 'Saquena', 'Requena', 'Loreto'),
('160508', 'Soplin', 'Requena', 'Loreto'),
('160509', 'Tapiche', 'Requena', 'Loreto'),
('160510', 'Jenaro Herrera', 'Requena', 'Loreto'),
('160511', 'Yaquerana', 'Requena', 'Loreto'),
('160601', 'Contamana', 'Ucayali', 'Loreto'),
('160602', 'Inahuaya', 'Ucayali', 'Loreto'),
('160603', 'Padre Marquez', 'Ucayali', 'Loreto'),
('160604', 'Pampa Hermosa', 'Ucayali', 'Loreto'),
('160605', 'Sarayacu', 'Ucayali', 'Loreto'),
('160606', 'Vargas Guerra', 'Ucayali', 'Loreto'),
('160701', 'Barranca', 'Datem del Marañon', 'Loreto'),
('160702', 'Cahuapanas', 'Datem del Marañon', 'Loreto'),
('160703', 'Manseriche', 'Datem del Marañon', 'Loreto'),
('160704', 'Morona', 'Datem del Marañon', 'Loreto'),
('160705', 'Pastaza', 'Datem del Marañon', 'Loreto'),
('160706', 'Andoas', 'Datem del Marañon', 'Loreto'),
('160801', 'Putumayo', 'Maynas', 'Loreto'),
('160802', 'Rosa Panduro', 'Maynas', 'Loreto'),
('160803', 'Teniente Manuel Clavero', 'Maynas', 'Loreto'),
('160804', 'Yaguas', 'Maynas', 'Loreto'),
('170101', 'Tambopata', 'Tambopata', 'Madre de Dios'),
('170102', 'Inambari', 'Tambopata', 'Madre de Dios'),
('170103', 'Las Piedras', 'Tambopata', 'Madre de Dios'),
('170104', 'Laberinto', 'Tambopata', 'Madre de Dios'),
('170201', 'Manu', 'Manu', 'Madre de Dios'),
('170202', 'Fitzcarrald', 'Manu', 'Madre de Dios'),
('170203', 'Madre de Dios', 'Manu', 'Madre de Dios'),
('170204', 'Huepetuhe', 'Manu', 'Madre de Dios'),
('170301', 'Iñapari', 'Tahuamanu', 'Madre de Dios'),
('170302', 'Iberia', 'Tahuamanu', 'Madre de Dios'),
('170303', 'Tahuamanu', 'Tahuamanu', 'Madre de Dios'),
('180101', 'Moquegua', 'Mariscal Nieto', 'Moquegua'),
('180102', 'Carumas', 'Mariscal Nieto', 'Moquegua'),
('180103', 'Cuchumbaya', 'Mariscal Nieto', 'Moquegua'),
('180104', 'Samegua', 'Mariscal Nieto', 'Moquegua'),
('180105', 'San Cristobal', 'Mariscal Nieto', 'Moquegua'),
('180106', 'Torata', 'Mariscal Nieto', 'Moquegua'),
('180201', 'Omate', 'General Sanchez Cerr', 'Moquegua'),
('180202', 'Chojata', 'General Sanchez Cerr', 'Moquegua'),
('180203', 'Coalaque', 'General Sanchez Cerr', 'Moquegua'),
('180204', 'Ichuña', 'General Sanchez Cerr', 'Moquegua'),
('180205', 'La Capilla', 'General Sanchez Cerr', 'Moquegua'),
('180206', 'Lloque', 'General Sanchez Cerr', 'Moquegua'),
('180207', 'Matalaque', 'General Sanchez Cerr', 'Moquegua'),
('180208', 'Puquina', 'General Sanchez Cerr', 'Moquegua'),
('180209', 'Quinistaquillas', 'General Sanchez Cerr', 'Moquegua'),
('180210', 'Ubinas', 'General Sanchez Cerr', 'Moquegua'),
('180211', 'Yunga', 'General Sanchez Cerr', 'Moquegua'),
('180301', 'Ilo', 'Ilo', 'Moquegua'),
('180302', 'El Algarrobal', 'Ilo', 'Moquegua'),
('180303', 'Pacocha', 'Ilo', 'Moquegua'),
('190101', 'Chaupimarca', 'Pasco', 'Pasco'),
('190102', 'Huachon', 'Pasco', 'Pasco'),
('190103', 'Huariaca', 'Pasco', 'Pasco'),
('190104', 'Huayllay', 'Pasco', 'Pasco'),
('190105', 'Ninacaca', 'Pasco', 'Pasco'),
('190106', 'Pallanchacra', 'Pasco', 'Pasco'),
('190107', 'Paucartambo', 'Pasco', 'Pasco'),
('190108', 'San Francisco de Asis de Yarusyacan', 'Pasco', 'Pasco'),
('190109', 'Simon Bolivar', 'Pasco', 'Pasco'),
('190110', 'Ticlacayan', 'Pasco', 'Pasco'),
('190111', 'Tinyahuarco', 'Pasco', 'Pasco'),
('190112', 'Vicco', 'Pasco', 'Pasco'),
('190113', 'Yanacancha', 'Pasco', 'Pasco'),
('190201', 'Yanahuanca', 'Daniel Alcides Carri', 'Pasco'),
('190202', 'Chacayan', 'Daniel Alcides Carri', 'Pasco'),
('190203', 'Goyllarisquizga', 'Daniel Alcides Carri', 'Pasco'),
('190204', 'Paucar', 'Daniel Alcides Carri', 'Pasco'),
('190205', 'San Pedro de Pillao', 'Daniel Alcides Carri', 'Pasco'),
('190206', 'Santa Ana de Tusi', 'Daniel Alcides Carri', 'Pasco'),
('190207', 'Tapuc', 'Daniel Alcides Carri', 'Pasco'),
('190208', 'Vilcabamba', 'Daniel Alcides Carri', 'Pasco'),
('190301', 'Oxapampa', 'Oxapampa', 'Pasco'),
('190302', 'Chontabamba', 'Oxapampa', 'Pasco'),
('190303', 'Huancabamba', 'Oxapampa', 'Pasco'),
('190304', 'Palcazu', 'Oxapampa', 'Pasco'),
('190305', 'Pozuzo', 'Oxapampa', 'Pasco'),
('190306', 'Puerto Bermudez', 'Oxapampa', 'Pasco'),
('190307', 'Villa Rica', 'Oxapampa', 'Pasco'),
('190308', 'Constitución', 'Oxapampa', 'Pasco'),
('200101', 'Piura', 'Piura', 'Piura'),
('200104', 'Castilla', 'Piura', 'Piura'),
('200105', 'Catacaos', 'Piura', 'Piura'),
('200107', 'Cura Mori', 'Piura', 'Piura'),
('200108', 'El Tallan', 'Piura', 'Piura'),
('200109', 'La Arena', 'Piura', 'Piura'),
('200110', 'La Union', 'Piura', 'Piura'),
('200111', 'Las Lomas', 'Piura', 'Piura'),
('200114', 'Tambo Grande', 'Piura', 'Piura'),
('200115', '26 de Octubre', 'Piura', 'Piura'),
('200201', 'Ayabaca', 'Ayabaca', 'Piura'),
('200202', 'Frias', 'Ayabaca', 'Piura'),
('200203', 'Jilili', 'Ayabaca', 'Piura'),
('200204', 'Lagunas', 'Ayabaca', 'Piura'),
('200205', 'Montero', 'Ayabaca', 'Piura'),
('200206', 'Pacaipampa', 'Ayabaca', 'Piura'),
('200207', 'Paimas', 'Ayabaca', 'Piura'),
('200208', 'Sapillica', 'Ayabaca', 'Piura'),
('200209', 'Sicchez', 'Ayabaca', 'Piura'),
('200210', 'Suyo', 'Ayabaca', 'Piura'),
('200301', 'Huancabamba', 'Huancabamba', 'Piura'),
('200302', 'Canchaque', 'Huancabamba', 'Piura'),
('200303', 'El Carmen de La Frontera', 'Huancabamba', 'Piura'),
('200304', 'Huarmaca', 'Huancabamba', 'Piura'),
('200305', 'Lalaquiz', 'Huancabamba', 'Piura'),
('200306', 'San Miguel de El Faique', 'Huancabamba', 'Piura'),
('200307', 'Sondor', 'Huancabamba', 'Piura'),
('200308', 'Sondorillo', 'Huancabamba', 'Piura'),
('200401', 'Chulucanas', 'Morropon', 'Piura'),
('200402', 'Buenos Aires', 'Morropon', 'Piura'),
('200403', 'Chalaco', 'Morropon', 'Piura'),
('200404', 'La Matanza', 'Morropon', 'Piura'),
('200405', 'Morropon', 'Morropon', 'Piura'),
('200406', 'Salitral', 'Morropon', 'Piura'),
('200407', 'San Juan de Bigote', 'Morropon', 'Piura'),
('200408', 'Santa Catalina de Mossa', 'Morropon', 'Piura'),
('200409', 'Santo Domingo', 'Morropon', 'Piura'),
('200410', 'Yamango', 'Morropon', 'Piura'),
('200501', 'Paita', 'Paita', 'Piura'),
('200502', 'Amotape', 'Paita', 'Piura'),
('200503', 'Arenal', 'Paita', 'Piura'),
('200504', 'Colan', 'Paita', 'Piura'),
('200505', 'La Huaca', 'Paita', 'Piura'),
('200506', 'Tamarindo', 'Paita', 'Piura'),
('200507', 'Vichayal', 'Paita', 'Piura'),
('200601', 'Sullana', 'Sullana', 'Piura'),
('200602', 'Bellavista', 'Sullana', 'Piura'),
('200603', 'Ignacio Escudero', 'Sullana', 'Piura'),
('200604', 'Lancones', 'Sullana', 'Piura'),
('200605', 'Marcavelica', 'Sullana', 'Piura'),
('200606', 'Miguel Checa', 'Sullana', 'Piura'),
('200607', 'Querecotillo', 'Sullana', 'Piura'),
('200608', 'Salitral', 'Sullana', 'Piura'),
('200701', 'Pariñas', 'Talara', 'Piura'),
('200702', 'El Alto', 'Talara', 'Piura'),
('200703', 'La Brea', 'Talara', 'Piura'),
('200704', 'Lobitos', 'Talara', 'Piura'),
('200705', 'Los Organos', 'Talara', 'Piura'),
('200706', 'Mancora', 'Talara', 'Piura'),
('200801', 'Sechura', 'Sechura', 'Piura'),
('200802', 'Bellavista de La Union', 'Sechura', 'Piura'),
('200803', 'Bernal', 'Sechura', 'Piura'),
('200804', 'Cristo Nos Valga', 'Sechura', 'Piura'),
('200805', 'Vice', 'Sechura', 'Piura'),
('200806', 'Rinconada Llicuar', 'Sechura', 'Piura'),
('210101', 'Puno', 'Puno', 'Puno'),
('210102', 'Acora', 'Puno', 'Puno'),
('210103', 'Amantani', 'Puno', 'Puno'),
('210104', 'Atuncolla', 'Puno', 'Puno'),
('210105', 'Capachica', 'Puno', 'Puno'),
('210106', 'Chucuito', 'Puno', 'Puno'),
('210107', 'Coata', 'Puno', 'Puno'),
('210108', 'Huata', 'Puno', 'Puno'),
('210109', 'Mañazo', 'Puno', 'Puno'),
('210110', 'Paucarcolla', 'Puno', 'Puno'),
('210111', 'Pichacani', 'Puno', 'Puno'),
('210112', 'Plateria', 'Puno', 'Puno'),
('210113', 'San Antonio', 'Puno', 'Puno'),
('210114', 'Tiquillaca', 'Puno', 'Puno'),
('210115', 'Vilque', 'Puno', 'Puno'),
('210201', 'Azangaro', 'Azangaro', 'Puno'),
('210202', 'Achaya', 'Azangaro', 'Puno'),
('210203', 'Arapa', 'Azangaro', 'Puno'),
('210204', 'Asillo', 'Azangaro', 'Puno'),
('210205', 'Caminaca', 'Azangaro', 'Puno'),
('210206', 'Chupa', 'Azangaro', 'Puno'),
('210207', 'Jose Domingo Choquehuanca', 'Azangaro', 'Puno'),
('210208', 'Muñani', 'Azangaro', 'Puno'),
('210209', 'Potoni', 'Azangaro', 'Puno'),
('210210', 'Saman', 'Azangaro', 'Puno'),
('210211', 'San Anton', 'Azangaro', 'Puno'),
('210212', 'San Jose', 'Azangaro', 'Puno'),
('210213', 'San Juan de Salinas', 'Azangaro', 'Puno'),
('210214', 'Santiago de Pupuja', 'Azangaro', 'Puno'),
('210215', 'Tirapata', 'Azangaro', 'Puno'),
('210301', 'Macusani', 'Carabaya', 'Puno'),
('210302', 'Ajoyani', 'Carabaya', 'Puno'),
('210303', 'Ayapata', 'Carabaya', 'Puno'),
('210304', 'Coasa', 'Carabaya', 'Puno'),
('210305', 'Corani', 'Carabaya', 'Puno'),
('210306', 'Crucero', 'Carabaya', 'Puno'),
('210307', 'Ituata', 'Carabaya', 'Puno'),
('210308', 'Ollachea', 'Carabaya', 'Puno'),
('210309', 'San Gaban', 'Carabaya', 'Puno'),
('210310', 'Usicayos', 'Carabaya', 'Puno'),
('210401', 'Juli', 'Chucuito', 'Puno'),
('210402', 'Desaguadero', 'Chucuito', 'Puno'),
('210403', 'Huacullani', 'Chucuito', 'Puno'),
('210404', 'Kelluyo', 'Chucuito', 'Puno'),
('210405', 'Pisacoma', 'Chucuito', 'Puno'),
('210406', 'Pomata', 'Chucuito', 'Puno'),
('210407', 'Zepita', 'Chucuito', 'Puno'),
('210501', 'Ilave', 'El Collao', 'Puno'),
('210502', 'Capazo', 'El Collao', 'Puno'),
('210503', 'Pilcuyo', 'El Collao', 'Puno'),
('210504', 'Santa Rosa', 'El Collao', 'Puno'),
('210505', 'Conduriri', 'El Collao', 'Puno'),
('210601', 'Huancane', 'Huancane', 'Puno'),
('210602', 'Cojata', 'Huancane', 'Puno'),
('210603', 'Huatasani', 'Huancane', 'Puno'),
('210604', 'Inchupalla', 'Huancane', 'Puno'),
('210605', 'Pusi', 'Huancane', 'Puno'),
('210606', 'Rosaspata', 'Huancane', 'Puno'),
('210607', 'Taraco', 'Huancane', 'Puno'),
('210608', 'Vilque Chico', 'Huancane', 'Puno'),
('210701', 'Lampa', 'Lampa', 'Puno'),
('210702', 'Cabanilla', 'Lampa', 'Puno'),
('210703', 'Calapuja', 'Lampa', 'Puno'),
('210704', 'Nicasio', 'Lampa', 'Puno'),
('210705', 'Ocuviri', 'Lampa', 'Puno'),
('210706', 'Palca', 'Lampa', 'Puno'),
('210707', 'Paratia', 'Lampa', 'Puno'),
('210708', 'Pucara', 'Lampa', 'Puno'),
('210709', 'Santa Lucia', 'Lampa', 'Puno'),
('210710', 'Vilavila', 'Lampa', 'Puno'),
('210801', 'Ayaviri', 'Melgar', 'Puno'),
('210802', 'Antauta', 'Melgar', 'Puno'),
('210803', 'Cupi', 'Melgar', 'Puno'),
('210804', 'Llalli', 'Melgar', 'Puno'),
('210805', 'Macari', 'Melgar', 'Puno'),
('210806', 'Nuñoa', 'Melgar', 'Puno'),
('210807', 'Orurillo', 'Melgar', 'Puno'),
('210808', 'Santa Rosa', 'Melgar', 'Puno'),
('210809', 'Umachiri', 'Melgar', 'Puno'),
('210901', 'Moho', 'Moho', 'Puno'),
('210902', 'Conima', 'Moho', 'Puno'),
('210903', 'Huayrapata', 'Moho', 'Puno'),
('210904', 'Tilali', 'Moho', 'Puno'),
('211001', 'Putina', 'San Antonio de Putin', 'Puno'),
('211002', 'Ananea', 'San Antonio de Putin', 'Puno'),
('211003', 'Pedro Vilca Apaza', 'San Antonio de Putin', 'Puno'),
('211004', 'Quilcapuncu', 'San Antonio de Putin', 'Puno'),
('211005', 'Sina', 'San Antonio de Putin', 'Puno'),
('211101', 'Juliaca', 'San Roman', 'Puno'),
('211102', 'Cabana', 'San Roman', 'Puno'),
('211103', 'Cabanillas', 'San Roman', 'Puno'),
('211104', 'Caracoto', 'San Roman', 'Puno'),
('211105', 'San Miguel', 'San Roman', 'Puno'),
('211201', 'Sandia', 'Sandia', 'Puno'),
('211202', 'Cuyocuyo', 'Sandia', 'Puno'),
('211203', 'Limbani', 'Sandia', 'Puno'),
('211204', 'Patambuco', 'Sandia', 'Puno'),
('211205', 'Phara', 'Sandia', 'Puno'),
('211206', 'Quiaca', 'Sandia', 'Puno'),
('211207', 'San Juan del Oro', 'Sandia', 'Puno'),
('211208', 'Yanahuaya', 'Sandia', 'Puno'),
('211209', 'Alto Inambari', 'Sandia', 'Puno'),
('211210', 'San Pedro de Putina Punco', 'Sandia', 'Puno'),
('211301', 'Yunguyo', 'Yunguyo', 'Puno'),
('211302', 'Anapia', 'Yunguyo', 'Puno'),
('211303', 'Copani', 'Yunguyo', 'Puno'),
('211304', 'Cuturapi', 'Yunguyo', 'Puno'),
('211305', 'Ollaraya', 'Yunguyo', 'Puno'),
('211306', 'Tinicachi', 'Yunguyo', 'Puno'),
('211307', 'Unicachi', 'Yunguyo', 'Puno'),
('220101', 'Moyobamba', 'Moyobamba', 'San Martin'),
('220102', 'Calzada', 'Moyobamba', 'San Martin'),
('220103', 'Habana', 'Moyobamba', 'San Martin'),
('220104', 'Jepelacio', 'Moyobamba', 'San Martin'),
('220105', 'Soritor', 'Moyobamba', 'San Martin'),
('220106', 'Yantalo', 'Moyobamba', 'San Martin'),
('220201', 'Bellavista', 'Bellavista', 'San Martin'),
('220202', 'Alto Biavo', 'Bellavista', 'San Martin'),
('220203', 'Bajo Biavo', 'Bellavista', 'San Martin'),
('220204', 'Huallaga', 'Bellavista', 'San Martin'),
('220205', 'San Pablo', 'Bellavista', 'San Martin'),
('220206', 'San Rafael', 'Bellavista', 'San Martin'),
('220301', 'San Jose de Sisa', 'El Dorado', 'San Martin'),
('220302', 'Agua Blanca', 'El Dorado', 'San Martin'),
('220303', 'San Martin', 'El Dorado', 'San Martin'),
('220304', 'Santa Rosa', 'El Dorado', 'San Martin'),
('220305', 'Shatoja', 'El Dorado', 'San Martin'),
('220401', 'Saposoa', 'Huallaga', 'San Martin'),
('220402', 'Alto Saposoa', 'Huallaga', 'San Martin'),
('220403', 'El Eslabon', 'Huallaga', 'San Martin'),
('220404', 'Piscoyacu', 'Huallaga', 'San Martin'),
('220405', 'Sacanche', 'Huallaga', 'San Martin'),
('220406', 'Tingo de Saposoa', 'Huallaga', 'San Martin'),
('220501', 'Lamas', 'Lamas', 'San Martin'),
('220502', 'Alonso de Alvarado', 'Lamas', 'San Martin'),
('220503', 'Barranquita', 'Lamas', 'San Martin'),
('220504', 'Caynarachi', 'Lamas', 'San Martin'),
('220505', 'Cuñumbuqui', 'Lamas', 'San Martin'),
('220506', 'Pinto Recodo', 'Lamas', 'San Martin'),
('220507', 'Rumisapa', 'Lamas', 'San Martin'),
('220508', 'San Roque de Cumbaza', 'Lamas', 'San Martin'),
('220509', 'Shanao', 'Lamas', 'San Martin'),
('220510', 'Tabalosos', 'Lamas', 'San Martin'),
('220511', 'Zapatero', 'Lamas', 'San Martin'),
('220601', 'Juanjui', 'Mariscal Caceres', 'San Martin'),
('220602', 'Campanilla', 'Mariscal Caceres', 'San Martin'),
('220603', 'Huicungo', 'Mariscal Caceres', 'San Martin'),
('220604', 'Pachiza', 'Mariscal Caceres', 'San Martin'),
('220605', 'Pajarillo', 'Mariscal Caceres', 'San Martin'),
('220701', 'Picota', 'Picota', 'San Martin'),
('220702', 'Buenos Aires', 'Picota', 'San Martin'),
('220703', 'Caspisapa', 'Picota', 'San Martin'),
('220704', 'Pilluana', 'Picota', 'San Martin'),
('220705', 'Pucacaca', 'Picota', 'San Martin'),
('220706', 'San Cristobal', 'Picota', 'San Martin'),
('220707', 'San Hilarion', 'Picota', 'San Martin'),
('220708', 'Shamboyacu', 'Picota', 'San Martin'),
('220709', 'Tingo de Ponasa', 'Picota', 'San Martin'),
('220710', 'Tres Unidos', 'Picota', 'San Martin'),
('220801', 'Rioja', 'Rioja', 'San Martin'),
('220802', 'Awajun', 'Rioja', 'San Martin'),
('220803', 'Elias Soplin Vargas', 'Rioja', 'San Martin'),
('220804', 'Nueva Cajamarca', 'Rioja', 'San Martin'),
('220805', 'Pardo Miguel', 'Rioja', 'San Martin'),
('220806', 'Posic', 'Rioja', 'San Martin'),
('220807', 'San Fernando', 'Rioja', 'San Martin'),
('220808', 'Yorongos', 'Rioja', 'San Martin'),
('220809', 'Yuracyacu', 'Rioja', 'San Martin'),
('220901', 'Tarapoto', 'San Martin', 'San Martin'),
('220902', 'Alberto Leveau', 'San Martin', 'San Martin'),
('220903', 'Cacatachi', 'San Martin', 'San Martin'),
('220904', 'Chazuta', 'San Martin', 'San Martin'),
('220905', 'Chipurana', 'San Martin', 'San Martin'),
('220906', 'El Porvenir', 'San Martin', 'San Martin'),
('220907', 'Huimbayoc', 'San Martin', 'San Martin'),
('220908', 'Juan Guerra', 'San Martin', 'San Martin'),
('220909', 'La Banda de Shilcayo', 'San Martin', 'San Martin'),
('220910', 'Morales', 'San Martin', 'San Martin'),
('220911', 'Papaplaya', 'San Martin', 'San Martin'),
('220912', 'San Antonio', 'San Martin', 'San Martin'),
('220913', 'Sauce', 'San Martin', 'San Martin'),
('220914', 'Shapaja', 'San Martin', 'San Martin'),
('221001', 'Tocache', 'Tocache', 'San Martin'),
('221002', 'Nuevo Progreso', 'Tocache', 'San Martin'),
('221003', 'Polvora', 'Tocache', 'San Martin'),
('221004', 'Shunte', 'Tocache', 'San Martin'),
('221005', 'Uchiza', 'Tocache', 'San Martin'),
('230101', 'Tacna', 'Tacna', 'Tacna'),
('230102', 'Alto de La Alianza', 'Tacna', 'Tacna'),
('230103', 'Calana', 'Tacna', 'Tacna'),
('230104', 'Ciudad Nueva', 'Tacna', 'Tacna'),
('230105', 'Inclan', 'Tacna', 'Tacna'),
('230106', 'Pachia', 'Tacna', 'Tacna'),
('230107', 'Palca', 'Tacna', 'Tacna'),
('230108', 'Pocollay', 'Tacna', 'Tacna'),
('230109', 'Sama', 'Tacna', 'Tacna'),
('230110', 'Coronel Gregorio Albarracin Lanchipa', 'Tacna', 'Tacna'),
('230111', 'La Yarada-Los Palos', 'Tacna', 'Tacna'),
('230201', 'Candarave', 'Candarave', 'Tacna'),
('230202', 'Cairani', 'Candarave', 'Tacna'),
('230203', 'Camilaca', 'Candarave', 'Tacna'),
('230204', 'Curibaya', 'Candarave', 'Tacna'),
('230205', 'Huanuara', 'Candarave', 'Tacna'),
('230206', 'Quilahuani', 'Candarave', 'Tacna'),
('230301', 'Locumba', 'Jorge Basadre', 'Tacna'),
('230302', 'Ilabaya', 'Jorge Basadre', 'Tacna'),
('230303', 'Ite', 'Jorge Basadre', 'Tacna'),
('230401', 'Tarata', 'Tarata', 'Tacna'),
('230402', 'Heroes Albarracin', 'Tarata', 'Tacna'),
('230403', 'Estique', 'Tarata', 'Tacna'),
('230404', 'Estique-Pampa', 'Tarata', 'Tacna'),
('230405', 'Sitajara', 'Tarata', 'Tacna'),
('230406', 'Susapaya', 'Tarata', 'Tacna'),
('230407', 'Tarucachi', 'Tarata', 'Tacna'),
('230408', 'Ticaco', 'Tarata', 'Tacna'),
('240101', 'Tumbes', 'Tumbes', 'Tumbes'),
('240102', 'Corrales', 'Tumbes', 'Tumbes'),
('240103', 'La Cruz', 'Tumbes', 'Tumbes'),
('240104', 'Pampas de Hospital', 'Tumbes', 'Tumbes'),
('240105', 'San Jacinto', 'Tumbes', 'Tumbes'),
('240106', 'San Juan de La Virgen', 'Tumbes', 'Tumbes'),
('240201', 'Zorritos', 'Contralmirante Villa', 'Tumbes'),
('240202', 'Casitas', 'Contralmirante Villa', 'Tumbes'),
('240203', 'Canoas de Punta Sal', 'Contralmirante Villa', 'Tumbes'),
('240301', 'Zarumilla', 'Zarumilla', 'Tumbes'),
('240302', 'Aguas Verdes', 'Zarumilla', 'Tumbes'),
('240303', 'Matapalo', 'Zarumilla', 'Tumbes'),
('240304', 'Papayal', 'Zarumilla', 'Tumbes'),
('250101', 'Calleria', 'Coronel Portillo', 'Ucayali'),
('250102', 'Campoverde', 'Coronel Portillo', 'Ucayali'),
('250103', 'Iparia', 'Coronel Portillo', 'Ucayali'),
('250104', 'Masisea', 'Coronel Portillo', 'Ucayali'),
('250105', 'Yarinacocha', 'Coronel Portillo', 'Ucayali'),
('250106', 'Nueva Requena', 'Coronel Portillo', 'Ucayali'),
('250107', 'Manantay', 'Coronel Portillo', 'Ucayali'),
('250201', 'Raymondi', 'Atalaya', 'Ucayali'),
('250202', 'Sepahua', 'Atalaya', 'Ucayali'),
('250203', 'Tahuania', 'Atalaya', 'Ucayali'),
('250204', 'Yurua', 'Atalaya', 'Ucayali'),
('250301', 'Padre Abad', 'Padre Abad', 'Ucayali'),
('250302', 'Irazola', 'Padre Abad', 'Ucayali'),
('250303', 'Curimana', 'Padre Abad', 'Ucayali'),
('250304', 'Neshuya', 'Padre Abad', 'Ucayali'),
('250305', 'Alexander von Humboldt', 'Padre Abad', 'Ucayali'),
('250401', 'Purus', 'Purus', 'Ucayali');

insert into Empresas (id_empresa, codigo_ruc, razon_social, nombre_comercial, direccion, ubigeo_direccion) values
(1, '20109072177', 'CENCOSUD RETAIL PERU S.A.', 'Cencosud Perú', 'Calle Augusto Angulo Nro. 130, Urb. San Antonio, Miraflores, Lima', '150122'), -- Cliente Retail
(2, '20100035121', 'MOLITALIA S.A.', 'Molitalia', 'Av. Venezuela 2255, Lima', '150101'), -- Proveedor
(3, '20100070970', 'SUPERMERCADOS PERUANOS S.A.', 'Plaza Vea', 'Av. Paseo de la República 3220, San Isidro, Lima', '150131'), -- Cliente Retail
(4, '20508565934', 'HIPERMERCADOS TOTTUS S.A.', 'Tottus', 'Av. Javier Prado Este 4200, Ate, Lima', '150114'), -- Cliente Retail
(5, '20563529378', 'TIENDAS PERUANAS S.A.C.', 'Tambo+', 'Av. República de Panamá 3418, San Isidro, Lima', '150131'), -- Cliente Retail
(6, '20565727240', 'DISTRIBUIDORA DASUR S.A.C.', 'Distribuidora Dasur', 'Mza. E Lote 29 A.H. Nuevo Progreso, Villa María del Triunfo, Lima', '150122'), -- Transporte
(7, '20509515884', 'MADERERA RNP INVERSIONES LOS CLAVELES E.I.R.L.', 'Maderera RNP', 'Mza. H Lote 25 Asoc. Viv. Los Claveles, Ate, Lima', '150113'), -- Proveedor
(8, '20607223522', 'C & R GLASS COMPANY E.I.R.L.', 'C & R Glass', 'Av. Guardia Civil 665, Dpto. 706, Chorrillos, Lima', '150104'), -- Proveedor
(9, '20485180797', 'DISTRIBUIDORA EMBID S.A.C.', 'Distribuidora Embid', 'Av. Los Alisos 1234, Los Olivos, Lima', '150114'), -- Transporte
(10, '20132381624', 'YUGOCORP S.A.C.', 'Yugocorp', 'Av. Universitaria 5678, San Miguel, Lima', '150115'), -- Proveedor
(11, '20100205492', 'REPRESENTACIONES INTERNACIONALES S.A.C.', 'Reinter', 'Jr. Los Próceres 789, Surco, Lima', '150116'), -- Transporte
(12, '20601233488', 'PLAZA VEA ORIENTE S.A.C.', 'Plaza Vea Oriente', 'Av. Los Próceres 2345, San Juan de Lurigancho, Lima', '150118'), -- Cliente Retail
(13, '20490952790', 'INVERSIONES ALVAMARPE S.R.L.', 'Alvamarpe', 'Av. Los Héroes 4567, Villa El Salvador, Lima', '150119'), -- Transporte
(14, '20523345601', 'TRANSPORTES CALLAO EXPRESS S.A.C.', 'Callao Express', 'Av. Argentina 456, Callao', '070101'), -- Transporte
(15, '20579834755', 'ENVASES DEL PACIFICO S.A.', 'Envasur', 'Av. Industrial 2345, Lurín, Lima', '150123'); -- Proveedor

insert into TelefonosEmpresa (id_empresa, telefono) values
(1, '974332882'),
(2, '928950179'),
(3, '939136505'),
(4, '930486773'),
(5, '934399028'),
(6, '938199707'),
(7, '926752768'),
(8, '928357138'),
(9, '992519927'),
(10, '984426428'),
(11, '957696631'),
(12, '977020335'),
(13, '935318192'),
(14, '960582974'),
(15, '929721493');

INSERT INTO Empleados (id_empleado, codigo, estado_laboral) VALUES
(1, 'E0001', 'Activo'),
(2, 'E0002', 'Retirado'),
(3, 'E0003', 'Activo'),
(4, 'E0004', 'Retirado'),
(5, 'E0005', 'Activo'),
(6, 'E0006', 'Retirado'),
(7, 'E0007', 'Activo'),
(8, 'E0008', 'Retirado'),
(9, 'E0009', 'Activo'),
(10, 'E0010', 'Retirado'),
(11, 'E0011', 'Activo'),
(12, 'E0012', 'Retirado'),
(13, 'E0013', 'Activo'),
(14, 'E0014', 'Retirado'),
(15, 'E0015', 'Activo'),
(16, 'E0016', 'Retirado'),
(17, 'E0017', 'Activo'),
(18, 'E0018', 'Retirado'),
(19, 'E0019', 'Activo'),
(20, 'E0020', 'Retirado'),
(21, 'E0021', 'Activo'),
(22, 'E0022', 'Retirado'),
(23, 'E0023', 'Activo'),
(24, 'E0024', 'Retirado'),
(25, 'E0025', 'Activo'),
(26, 'E0026', 'Retirado'),
(27, 'E0027', 'Activo'),
(28, 'E0028', 'Retirado'),
(29, 'E0029', 'Activo'),
(30, 'E0030', 'Retirado'),
(31, 'E0031', 'Activo'),
(32, 'E0032', 'Retirado'),
(33, 'E0033', 'Activo'),
(34, 'E0034', 'Retirado'),
(35, 'E0035', 'Activo'),
(36, 'E0036', 'Retirado'),
(37, 'E0037', 'Activo'),
(38, 'E0038', 'Retirado'),
(39, 'E0039', 'Activo'),
(40, 'E0040', 'Retirado'),
(41, 'E0041', 'Activo'),
(42, 'E0042', 'Retirado'),
(43, 'E0043', 'Activo'),
(44, 'E0044', 'Retirado'),
(45, 'E0045', 'Activo'),
(46, 'E0046', 'Retirado'),
(47, 'E0047', 'Activo'),
(48, 'E0048', 'Retirado'),
(49, 'E0049', 'Activo'),
(50, 'E0050', 'Retirado'),
(51, 'E0051', 'Activo'),
(52, 'E0052', 'Retirado'),
(53, 'E0053', 'Activo'),
(54, 'E0054', 'Retirado'),
(55, 'E0055', 'Activo'),
(56, 'E0056', 'Retirado'),
(57, 'E0057', 'Activo'),
(58, 'E0058', 'Retirado'),
(59, 'E0059', 'Activo'),
(60, 'E0060', 'Retirado');

INSERT INTO Productos (id_producto) VALUES
(1),
(2),
(3),
(4),
(5),
(6),
(7),
(8),
(9),
(10);

INSERT INTO InspeccionesLoteInsumo (id_inspeccion_lote_insumo) VALUES
(1),  (2),  (3),  (4),  (5),  (6),  (7),  (8),  (9),  (10),
(11), (12), (13), (14), (15), (16), (17), (18), (19), (20),
(21), (22), (23), (24), (25), (26), (27), (28), (29), (30),
(31), (32), (33), (34), (35), (36), (37), (38), (39), (40),
(41), (42), (43), (44), (45), (46), (47), (48), (49), (50),
(51), (52), (53), (54), (55), (56), (57), (58), (59), (60),
(61), (62), (63), (64), (65), (66), (67), (68), (69), (70),
(71), (72), (73), (74), (75), (76), (77), (78), (79), (80),
(81), (82), (83), (84), (85), (86), (87), (88), (89), (90),
(91), (92), (93), (94), (95), (96), (97), (98), (99), (100);

insert into PedidosCliente (id_pedido_cliente) values   -- Temporal, posteriormente se agregarán más atributos
(1), (2), (3), (4), (5), (6), (7), (8), (9), (10), (11), (12), (13), (14), (15), (16), (17), (18), (19), (20), (21), (22), (23), (24), (25),
(26), (27), (28), (29), (30), (31), (32), (33), (34), (35), (36), (37), (38), (39), (40), (41), (42), (43), (44), (45), (46), (47), (48), (49), (50),
(51), (52), (53), (54), (55), (56), (57), (58), (59), (60), (61), (62), (63), (64), (65), (66), (67), (68), (69), (70), (71), (72), (73), (74), (75),
(76), (77), (78), (79), (80), (81), (82), (83), (84), (85), (86), (87), (88), (89), (90), (91), (92), (93), (94), (95), (96), (97), (98), (99), (100);

-- Poblacion de tablas - Almacen de insumos
INSERT INTO Insumos (codigo_insumo, nombre_insumo, unidad_medida, tipo_insumo) VALUES
('INS001', 'Harina de trigo', 'Kg', 'Materia Prima'),
('INS002', 'Sémola de trigo', 'Kg', 'Materia Prima'),
('INS003', 'Agua purificada', 'Unidad', 'Materia Prima'),
('INS004', 'Sal marina', 'Kg', 'Aditivo'),
('INS005', 'Aceite vegetal', 'Unidad', 'Aditivo'),
('INS006', 'Colorante natural', 'Kg', 'Aditivo'),
('INS007', 'Conservante alimenticio', 'Kg', 'Aditivo'),
('INS008', 'Caja cartón 500g', 'Unidad', 'Material Empaque'),
('INS009', 'Caja cartón 1kg', 'Unidad', 'Material Empaque'),
('INS010', 'Film plástico', 'Kg', 'Material Empaque'),
('INS011', 'Bandejas plásticas', 'Unidad', 'Material Empaque'),
('INS012', 'Etiqueta adhesiva', 'Unidad', 'Material Empaque'),
('INS013', 'Tinta impresión', 'Kg', 'Aditivo'),
('INS014', 'Envase secundario', 'Cajas', 'Material Empaque'),
('INS015', 'Pallet de madera', 'Unidad', 'Material Empaque');

INSERT INTO Formulaciones (id_producto, Codigo_formulacion, Nombre_formulacion, fecha_creacion) VALUES
(1, 'FOR001', 'Fideos largos estándar', '2024-01-15'),
(2, 'FOR002', 'Fideos cortos con sémola', '2024-01-20'),
(3, 'FOR003', 'Pasta integral', '2024-02-01'),
(4, 'FOR004', 'Fideos con huevo', '2024-02-10'),
(5, 'FOR005', 'Ravioles rellenos', '2024-02-18'),
(6, 'FOR006', 'Ñoquis tradicionales', '2024-03-05'),
(7, 'FOR007', 'Pasta sin gluten', '2024-03-15'),
(8, 'FOR008', 'Fideos sabor espinaca', '2024-03-25'),
(9, 'FOR009', 'Pasta con tomate deshidratado', '2024-04-01'),
(10, 'FOR010', 'Tallarines gourmet', '2024-04-10');

INSERT INTO DetallesFormulacion (id_formulacion, id_insumo, cantidad_asignada) VALUES
-- Formulación 1: Fideos largos estándar
(1, 1, 100),  -- Harina de trigo
(1, 3, 2),    -- Sal
(1, 6, 3),    -- Agua

-- Formulación 2: Fideos cortos con sémola
(2, 2, 120),  -- Sémola de trigo
(2, 3, 2),    -- Sal
(2, 6, 3),    -- Agua

-- Formulación 3: Pasta integral
(3, 4, 100),  -- Harina integral
(3, 3, 2),
(3, 6, 3),

-- Formulación 4: Fideos con huevo
(4, 1, 80),   -- Harina de trigo
(4, 5, 5),    -- Huevo en polvo
(4, 3, 1),
(4, 6, 2),

-- Formulación 5: Ravioles rellenos
(5, 1, 90),
(5, 5, 6),
(5, 3, 1),
(5, 6, 3),

-- Formulación 6: Ñoquis tradicionales
(6, 1, 70),
(6, 7, 50),   -- Puré de papa deshidratado
(6, 5, 3),
(6, 3, 1),

-- Formulación 7: Pasta sin gluten
(7, 8, 100),  -- Harina de arroz
(7, 9, 20),   -- Harina de maíz
(7, 3, 1),
(7, 6, 3),

-- Formulación 8: Fideos sabor espinaca
(8, 1, 85),
(8, 10, 10),  -- Polvo de espinaca
(8, 3, 1),
(8, 6, 2),

-- Formulación 9: Pasta con tomate deshidratado
(9, 1, 85),
(9, 11, 10),  -- Tomate deshidratado
(9, 3, 1),
(9, 6, 2),

-- Formulación 10: Tallarines gourmet
(10, 1, 90),
(10, 5, 5),
(10, 12, 2),  -- Aceite vegetal
(10, 3, 1),
(10, 6, 2);

INSERT INTO Proveedores (id_proveedor, cod_proveedor, tipo_insumo) VALUES
(2 , 'PV001','Materia Prima'),
(7 , 'PV002','Aditivo'),
(15, 'PV003','Material Empaque'),
(8 , 'PV004','Materia Prima'),
(10, 'PV005','Aditivo');

INSERT INTO SolicitudesAbastecimiento (codigo_solicitud_abastecimiento, Fecha_solicitud_abastecimiento, id_empleado) VALUES
('SOLAB001', '2024-01-12 08:30:00', 5),
('SOLAB002', '2024-01-15 09:45:00', 12),
('SOLAB003', '2024-01-20 10:00:00', 22),
('SOLAB004', '2024-01-25 13:15:00', 8),
('SOLAB005', '2024-02-01 07:50:00', 3),
('SOLAB006', '2024-02-08 08:10:00', 16),
('SOLAB007', '2024-02-14 09:00:00', 27),
('SOLAB008', '2024-02-20 14:30:00', 31),
('SOLAB009', '2024-02-27 10:45:00', 19),
('SOLAB010', '2024-03-05 11:00:00', 44),
('SOLAB011', '2024-03-10 08:20:00', 37),
('SOLAB012', '2024-03-15 10:10:00', 50),
('SOLAB013', '2024-03-20 07:40:00', 9),
('SOLAB014', '2024-03-25 13:05:00', 14),
('SOLAB015', '2024-03-30 12:00:00', 6),
('SOLAB016', '2024-04-05 09:30:00', 23),
('SOLAB017', '2024-04-10 08:55:00', 2),
('SOLAB018', '2024-04-15 10:25:00', 58),
('SOLAB019', '2024-04-20 07:45:00', 41),
('SOLAB020', '2024-04-25 11:15:00', 13);

INSERT INTO PropuestasCompra (
	id_propuesta_compra, cod_propuesta_compra, id_empleado, id_proveedor, id_solicitud_abastecimiento,
	fecha_acuerdo_entrega, fecha_propuesta_compra, estado,
	descuento_compra, monto_total_compra
) VALUES
(1,  'PC000001', 1,  2,  1,  '2024-01-15 10:00:00', '2024-01-13 09:30:00', 'Aprobado',  5.00, 1500.00),
(2,  'PC000002', 2,  8,  2,  '2024-01-17 11:00:00', '2024-01-16 10:00:00', 'Aprobado',  2.00, 2300.00),
(3,  'PC000003', 3,  7,  2,  '2024-01-18 08:45:00', '2024-01-16 11:00:00', 'Aprobado',  0.00, 1800.00),
(4,  'PC000004', 4,  2,  3,  '2024-01-22 14:15:00', '2024-01-21 13:00:00', 'Aprobado',  1.50, 2200.00),
(5,  'PC000005', 5,  10, 3,  '2024-01-24 15:30:00', '2024-01-21 14:00:00', 'Aprobado',  0.50, 1750.00),
(6,  'PC000006', 6,  15, 4,  '2024-01-27 09:00:00', '2024-01-26 08:45:00', 'Aprobado',  2.20, 1600.00),
(7,  'PC000007', 7,  15, 5,  '2024-02-03 16:45:00', '2024-02-02 10:30:00', 'Aprobado',  0.00, 1900.00),
(8,  'PC000008', 8,  7,  5,  '2024-02-03 13:15:00', '2024-02-02 11:15:00', 'Aprobado',  6.00, 2100.00),
(9,  'PC000009', 9,  15, 6,  '2024-02-10 10:15:00', '2024-02-09 12:00:00', 'Aprobado',  4.50, 2300.00),
(10, 'PC000010', 10, 8,  7,  '2024-02-16 09:30:00', '2024-02-15 13:00:00', 'Aprobado',  2.00, 2400.00),
(11, 'PC000011', 11, 7,  7,  '2024-02-18 14:45:00', '2024-02-15 08:00:00', 'Aprobado',  0.00, 1850.00),
(12, 'PC000012', 12, 2,  8,  '2024-02-22 15:00:00', '2024-02-21 09:30:00', 'Aprobado',  7.00, 1700.00),
(13, 'PC000013', 13, 7,  8,  '2024-02-23 11:15:00', '2024-02-21 10:00:00', 'Aprobado',  1.50, 2500.00),
(14, 'PC000014', 14, 7,  9,  '2024-02-29 10:45:00', '2024-02-28 11:45:00', 'Aprobado',  2.20, 2600.00),
(15, 'PC000015', 15, 15, 9,  '2024-03-01 08:30:00', '2024-02-28 12:30:00', 'Aprobado',  0.00, 1950.00),
(16, 'PC000016', 16, 7,  10, '2024-03-07 09:45:00', '2024-03-06 13:15:00', 'Aprobado',  5.50, 1550.00),
(17, 'PC000017', 17, 15, 10, '2024-03-07 14:30:00', '2024-03-06 14:00:00', 'Aprobado',  3.20, 2050.00),
(18, 'PC000018', 18, 8,  11, '2024-03-12 15:45:00', '2024-03-11 08:30:00', 'Aprobado',  6.80, 1800.00),
(19, 'PC000019', 19, 10, 11, '2024-03-14 13:30:00', '2024-03-11 09:15:00', 'Aprobado',  0.00, 1650.00),
(20, 'PC000020', 20, 15, 11, '2024-03-22 10:30:00', '2024-03-11 10:45:00', 'Aprobado',  4.00, 2200.00),
(21, 'PC000021', 21, 2,  12, '2024-03-17 10:00:00', '2024-03-16 09:30:00', 'Aprobado',  5.00, 1500.00),
(22, 'PC000022', 22, 10, 12, '2024-03-17 11:00:00', '2024-03-16 10:00:00', 'Aprobado',  2.00, 2300.00),
(23, 'PC000023', 23, 15, 12, '2024-03-18 08:45:00', '2024-03-16 11:00:00', 'Aprobado',  0.00, 1800.00),
(24, 'PC000024', 24, 2,  13, '2024-03-22 14:15:00', '2024-03-21 13:00:00', 'Aprobado',  1.50, 2200.00),
(25, 'PC000025', 25, 7,  13, '2024-03-24 15:30:00', '2024-03-21 14:00:00', 'Aprobado',  0.50, 1750.00),
(26, 'PC000026', 26, 15, 13, '2024-03-23 09:00:00', '2024-03-21 08:45:00', 'Aprobado',  2.20, 1600.00),
(27, 'PC000027', 27, 8,  14, '2024-03-27 16:45:00', '2024-03-26 10:30:00', 'Aprobado',  0.00, 1900.00),
(28, 'PC000028', 28, 15, 14, '2024-03-27 13:15:00', '2024-03-26 11:15:00', 'Aprobado',  6.00, 2100.00),
(29, 'PC000029', 29, 10, 15, '2024-04-01 10:15:00', '2024-03-31 12:00:00', 'Aprobado',  4.50, 2300.00),
(30, 'PC000030', 30, 15, 15, '2024-04-02 09:30:00', '2024-03-31 13:00:00', 'Aprobado',  2.00, 2400.00),
(31, 'PC000031', 31, 2,  16, '2024-04-07 10:00:00', '2024-04-06 09:30:00', 'Aprobado',  5.00, 1500.00),
(32, 'PC000032', 32, 15, 16, '2024-04-08 11:00:00', '2024-04-06 10:00:00', 'Aprobado',  2.00, 2300.00),
(33, 'PC000033', 33, 7,  17, '2024-04-12 08:45:00', '2024-04-11 11:00:00', 'Aprobado',  0.00, 1800.00),
(34, 'PC000034', 34, 15, 17, '2024-04-13 14:15:00', '2024-04-11 13:00:00', 'Aprobado',  1.50, 2200.00),
(35, 'PC000035', 35, 7,  18, '2024-04-17 15:30:00', '2024-04-16 14:00:00', 'Aprobado',  0.50, 1750.00),
(36, 'PC000036', 36, 15, 18, '2024-04-17 09:00:00', '2024-04-16 08:45:00', 'Aprobado',  2.20, 1600.00),
(37, 'PC000037', 37, 10, 19, '2024-04-22 16:45:00', '2024-04-21 10:30:00', 'Aprobado',  0.00, 1900.00),
(38, 'PC000038', 38, 15, 19, '2024-04-24 13:15:00', '2024-04-21 11:15:00', 'Pendiente', 6.00, 2100.00),
(39, 'PC000039', 39, 2,  20, '2024-04-27 10:15:00', '2024-04-26 12:00:00', 'Rechazado', 4.50, 2300.00);

INSERT INTO OrdenesCompra (
	id_orden_compra, cod_orden_compra, id_propuesta_compra, id_empleado, estado
) VALUES
(1,  'OC000001', 1,  7,      'Pagado'),
(2,  'OC000002', 2,  4,      'Pagado'),
(3,  'OC000003', 3,  9,      'Pagado'),
(4,  'OC000004', 4,  25,     'Pagado'),
(5,  'OC000005', 5,  35,     'Pagado'),
(6,  'OC000006', 6,  12,     'Pagado'),
(7,  'OC000007', 7,  11,     'Pagado'),
(8,  'OC000008', 8,  32,     'Pagado'),
(9,  'OC000009', 9,  54,     'Pagado'),
(10, 'OC000010', 10, 10,     'Pagado'),
(11, 'OC000011', 11, 9,      'Pagado'),
(12, 'OC000012', 12, 52,     'Pagado'),
(13, 'OC000013', 13, 19,     'Pagado'),
(14, 'OC000014', 14, 23,     'Pagado'),
(15, 'OC000015', 15, 25,     'Pagado'),
(16, 'OC000016', 16, 32,     'Pagado'),
(17, 'OC000017', 17, 19,     'Pagado'),
(18, 'OC000018', 18, 3,      'Pagado'),
(19, 'OC000019', 19, 47,     'Pagado'),
(20, 'OC000020', 20, 56,     'Pagado'),
(21, 'OC000021', 21, 43,     'Pagado'),
(22, 'OC000022', 22, 2,      'Pagado'),
(23, 'OC000023', 23, 7,      'Pagado'),
(24, 'OC000024', 24, 46,     'Pagado'),
(25, 'OC000025', 25, 34,     'Pagado'),
(26, 'OC000026', 26, 33,     'Pagado'),
(27, 'OC000027', 27, 30,     'Pagado'),
(28, 'OC000028', 28, 29,     'Pagado'),
(29, 'OC000029', 29, 26,     'Pagado'),
(30, 'OC000030', 30, 25,     'Pagado'),
(31, 'OC000031', 31, 20,     'Pagado'),
(32, 'OC000032', 32, 36,     'Pagado'),
(33, 'OC000033', 33, 52,     'Pagado'),
(34, 'OC000034', 34, 10,     'Pagado'),
(35, 'OC000035', 35, 16, 'Sin Enviar'),
(36, 'OC000036', 36, 7,   'Pendiente'),
(37, 'OC000037', 37, 16,  'Cancelado');

INSERT INTO Compras (
	id_compra, cod_compra, id_orden_compra, estado
) VALUES
(1,  'CO000001', 1,   'Aceptado'),
(2,  'CO000002', 2,   'Aceptado'),
(3,  'CO000003', 3,   'Aceptado'),
(4,  'CO000004', 4,   'Aceptado'),
(5,  'CO000005', 5,   'Aceptado'),
(6,  'CO000006', 6,   'Aceptado'),
(7,  'CO000007', 7,   'Aceptado'),
(8,  'CO000008', 8,   'Aceptado'),
(9,  'CO000009', 9,   'Aceptado'),
(10, 'CO000010', 10,  'Aceptado'),
(11, 'CO000011', 11,  'Aceptado'),
(12, 'CO000012', 12,  'Aceptado'),
(13, 'CO000013', 13,  'Aceptado'),
(14, 'CO000014', 14,  'Aceptado'),
(15, 'CO000015', 15,  'Aceptado'),
(16, 'CO000016', 16,  'Aceptado'),
(17, 'CO000017', 17,  'Aceptado'),
(18, 'CO000018', 18,  'Aceptado'),
(19, 'CO000019', 19,  'Aceptado'),
(20, 'CO000020', 20,  'Aceptado'),
(21, 'CO000021', 21,  'Aceptado'),
(22, 'CO000022', 22,  'Aceptado'),
(23, 'CO000023', 23,  'Aceptado'),
(24, 'CO000024', 24,  'Aceptado'),
(25, 'CO000025', 25,  'Aceptado'),
(26, 'CO000026', 26,  'Aceptado'),
(27, 'CO000027', 27,  'Aceptado'),
(28, 'CO000028', 28,  'Aceptado'),
(29, 'CO000029', 29, 'Rechazado'),
(30, 'CO000030', 30, 'Rechazado'),
(31, 'CO000031', 31, 'Rechazado'),
(32, 'CO000032', 32, 'Rechazado'),
(33, 'CO000033', 33,  null),
(34, 'CO000034', 34,  null);

INSERT INTO SeguimientosCompra (
	id_seguimiento_compra, cod_seguimiento_compra, id_compra, fecha_ingreso_compra, estado
) VALUES
(1,  'SC000001', 1,  '2024-01-15 08:55:37',    'A Tiempo'),
(2,  'SC000002', 2,  '2024-01-17 10:47:13',    'A Tiempo'),
(3,  'SC000003', 3,  '2024-01-18 08:41:16',    'A Tiempo'),
(4,  'SC000004', 4,  '2024-01-22 14:01:55',    'A Tiempo'),
(5,  'SC000005', 5,  '2024-01-24 13:57:34',    'A Tiempo'),
(6,  'SC000006', 6,  '2024-01-27 10:33:21', 'Con Retraso'),
(7,  'SC000007', 7,  '2024-02-03 08:47:43',    'A Tiempo'),
(8,  'SC000008', 8,  '2024-02-03 12:23:15',    'A Tiempo'),
(9,  'SC000009', 9,  '2024-02-10 09:15:54',    'A Tiempo'),
(10, 'SC000010', 10, '2024-02-16 08:41:21',    'A Tiempo'),
(11, 'SC000011', 11, '2024-02-18 14:21:34',    'A Tiempo'),
(12, 'SC000012', 12, '2024-02-22 17:15:25', 'Con Retraso'),
(13, 'SC000013', 13, '2024-02-23 11:02:06',    'A Tiempo'),
(14, 'SC000014', 14, '2024-02-29 10:17:23',    'A Tiempo'),
(15, 'SC000015', 15, '2024-03-01 08:23:45',    'A Tiempo'),
(16, 'SC000016', 16, '2024-03-07 09:41:33',    'A Tiempo'),
(17, 'SC000017', 17, '2024-03-07 14:22:52',    'A Tiempo'),
(18, 'SC000018', 18, '2024-03-12 18:12:03', 'Con Retraso'),
(19, 'SC000019', 19, '2024-03-14 13:20:31',    'A Tiempo'),
(20, 'SC000020', 20, '2024-03-13 09:57:46',    'A Tiempo'),
(21, 'SC000021', 21, '2024-03-17 09:41:37',    'A Tiempo'),
(22, 'SC000022', 22, '2024-03-18 09:26:41', 'Con Retraso'),
(23, 'SC000023', 23, '2024-03-18 08:40:33',    'A Tiempo'),
(24, 'SC000024', 24, '2024-03-22 14:07:59',    'A Tiempo'),
(25, 'SC000025', 25, '2024-03-24 14:57:25',    'A Tiempo'),
(26, 'SC000026', 26, '2024-03-23 08:46:15',    'A Tiempo'),
(27, 'SC000027', 27, '2024-03-27 16:41:15',    'A Tiempo'),
(28, 'SC000028', 28, '2024-03-27 14:10:05', 'Con Retraso'),
(29, 'SC000029', 29, '2024-04-01 09:45:34',    'A Tiempo'),
(30, 'SC000030', 30, '2024-04-02 09:21:23',    'A Tiempo'),
(31, 'SC000031', 31, '2024-04-07 09:41:02',    'A Tiempo'),
(32, 'SC000032', 32, '2024-04-08 09:52:16',    'A Tiempo'),
(33, 'SC000033', 33, null, 'Pendiente'),
(34, 'SC000034', 34, null, 'Cancelado');

INSERT INTO Ubicaciones (zoma, Estanteria, Nivel) VALUES
('Zona A', 'Estantería 1', 'Nivel 1'),
('Zona A', 'Estantería 1', 'Nivel 2'),
('Zona A', 'Estantería 1', 'Nivel 3'),
('Zona A', 'Estantería 2', 'Nivel 1'),
('Zona A', 'Estantería 2', 'Nivel 2'),
('Zona A', 'Estantería 2', 'Nivel 3'),
('Zona B', 'Estantería 1', 'Nivel 1'),
('Zona B', 'Estantería 1', 'Nivel 2'),
('Zona B', 'Estantería 1', 'Nivel 3'),
('Zona B', 'Estantería 2', 'Nivel 1'),
('Zona B', 'Estantería 2', 'Nivel 2'),
('Zona B', 'Estantería 2', 'Nivel 3'),
('Zona C', 'Estantería 1', 'Nivel 1'),
('Zona C', 'Estantería 1', 'Nivel 2'),
('Zona C', 'Estantería 1', 'Nivel 3'),
('Zona C', 'Estantería 2', 'Nivel 1'),
('Zona C', 'Estantería 2', 'Nivel 2'),
('Zona C', 'Estantería 2', 'Nivel 3'),
('Zona D', 'Estantería 1', 'Nivel 1'),
('Zona D', 'Estantería 1', 'Nivel 2'),
('Zona D', 'Estantería 1', 'Nivel 3'),
('Zona D', 'Estantería 2', 'Nivel 1'),
('Zona D', 'Estantería 2', 'Nivel 2'),
('Zona D', 'Estantería 2', 'Nivel 3'),
('Zona E', 'Estantería 1', 'Nivel 1'),
('Zona E', 'Estantería 1', 'Nivel 2'),
('Zona E', 'Estantería 1', 'Nivel 3'),
('Zona E', 'Estantería 2', 'Nivel 1'),
('Zona E', 'Estantería 2', 'Nivel 2'),
('Zona E', 'Estantería 2', 'Nivel 3'),
('Zona F', 'Estantería 1', 'Nivel 1'),
('Zona F', 'Estantería 1', 'Nivel 2'),
('Zona F', 'Estantería 1', 'Nivel 3'),
('Zona F', 'Estantería 2', 'Nivel 1'),
('Zona F', 'Estantería 2', 'Nivel 2'),
('Zona F', 'Estantería 2', 'Nivel 3'),
('Zona G', 'Estantería 1', 'Nivel 1'),
('Zona G', 'Estantería 1', 'Nivel 2'),
('Zona G', 'Estantería 2', 'Nivel 1'),
('Zona G', 'Estantería 2', 'Nivel 2');

INSERT INTO Recepciones (codigo_recepcion, fecha_llegada, estado, id_compra, id_empleado) VALUES
('REC0001', '2025-04-01 08:00:00', 'En entrega', 1, 12),
('REC0002', '2025-04-02 09:15:00', 'Proceso de Calidad', 2, 5),
('REC0003', '2025-04-03 10:30:00', 'A recepcionar', 3, 18),
('REC0004', '2025-04-04 11:45:00', 'En entrega', 4, 24),
('REC0005', '2025-04-05 14:00:00', 'Proceso de Calidad', 5, 33),
('REC0006', '2025-04-06 15:20:00', 'En entrega', 6, 7),
('REC0007', '2025-04-07 16:10:00', 'A recepcionar', 7, 40),
('REC0008', '2025-04-08 17:25:00', 'En entrega', 8, 22),
('REC0009', '2025-04-09 08:10:00', 'Proceso de Calidad', 9, 3),
('REC0010', '2025-04-10 09:45:00', 'En entrega', 10, 27),
('REC0011', '2025-04-11 11:00:00', 'A recepcionar', 11, 16),
('REC0012', '2025-04-12 13:15:00', 'Proceso de Calidad', 12, 38),
('REC0013', '2025-04-13 14:30:00', 'En entrega', 13, 44),
('REC0014', '2025-04-14 15:45:00', 'A recepcionar', 14, 2),
('REC0015', '2025-04-15 17:00:00', 'Proceso de Calidad', 15, 59),
('REC0016', '2025-04-16 08:20:00', 'En entrega', 16, 21),
('REC0017', '2025-04-17 09:35:00', 'A recepcionar', 17, 35),
('REC0018', '2025-04-18 10:50:00', 'Proceso de Calidad', 18, 49),
('REC0019', '2025-04-19 12:05:00', 'En entrega', 19, 1),
('REC0020', '2025-04-20 13:40:00', 'Proceso de Calidad', 20, 17),
('REC0021', '2025-04-21 15:10:00', 'A recepcionar', 21, 9),
('REC0022', '2025-04-22 16:25:00', 'En entrega', 22, 30),
('REC0023', '2025-04-23 17:50:00', 'Proceso de Calidad', 23, 13),
('REC0024', '2025-04-24 08:35:00', 'A recepcionar', 24, 50),
('REC0025', '2025-04-25 10:05:00', 'En entrega', 25, 19);

INSERT INTO LotesInsumo (codigo_lote, cantidad_recibida, cantidad_disponible, Fecha_vencimiento, id_insumo, id_compra, id_recepcion, id_ubicacion) VALUES
('LOTE0001', 174, 53, '2025-12-12', 14, 33,  5, 31),
('LOTE0002', 115, 80, '2025-09-07', 10, 34, 11, 16),
('LOTE0003', 142, 80, '2025-09-21', 14, 33, 11, 4),
('LOTE0004', 69, 13, '2025-08-07', 15, 34, 11, 27),
('LOTE0005', 60, 16, '2025-11-04', 11, 33, 20, 39),
('LOTE0006', 186, 48, '2025-12-02', 4, 34, 3, 5),
('LOTE0007', 187, 74, '2025-09-02', 1, 33, 15, 22),
('LOTE0008', 130, 34, '2025-10-03', 14, 34, 6, 23),
('LOTE0009', 102, 96, '2025-11-23', 9, 33, 22, 27),
('LOTE0010', 172, 152, '2026-02-16', 9, 34, 22, 38),
('LOTE0011', 56, 18, '2026-01-10', 3, 33, 19, 11),
('LOTE0012', 95, 78, '2025-08-29', 12, 34, 19, 28),
('LOTE0013', 108, 54, '2026-04-07', 9, 33, 24, 32),
('LOTE0014', 192, 35, '2025-08-20', 12, 34, 1, 33),
('LOTE0015', 141, 41, '2025-10-16', 14, 33, 8, 24),
('LOTE0016', 88, 88, '2025-11-10', 6, 34, 8, 3),
('LOTE0017', 119, 77, '2025-09-22', 2, 33, 17, 8),
('LOTE0018', 110, 56, '2026-01-13', 5, 34, 14, 17),
('LOTE0019', 100, 49, '2026-02-04', 1, 33, 12, 30),
('LOTE0020', 133, 60, '2025-10-30', 15, 34, 12, 15),
('LOTE0021', 75, 42, '2025-09-28', 13, 33, 21, 36),
('LOTE0022', 157, 122, '2025-12-18', 6, 34, 16, 9),
('LOTE0023', 183, 99, '2026-03-11', 10, 33, 10, 10),
('LOTE0024', 91, 50, '2025-11-09', 11, 34, 13, 7),
('LOTE0025', 149, 89, '2025-09-11', 8, 33, 18, 18),
('LOTE0026', 105, 61, '2026-01-30', 3, 34, 7, 13),
('LOTE0027', 134, 79, '2025-10-17', 2, 33, 2, 2),
('LOTE0028', 97, 54, '2025-08-25', 7, 34, 23, 1),
('LOTE0029', 163, 120, '2026-02-01', 5, 33, 23, 26),
('LOTE0030', 86, 86, '2025-12-28', 4, 34, 4, 20),
('LOTE0031', 174, 140, '2025-09-25', 1, 33, 24, 6),
('LOTE0032', 103, 98, '2025-11-06', 9, 34, 9, 34),
('LOTE0033', 158, 150, '2025-12-12', 6, 33, 7, 21),
('LOTE0034', 117, 60, '2026-02-22', 11, 34, 6, 19),
('LOTE0035', 130, 130, '2026-01-01', 12, 33, 25, 25),
('LOTE0036', 78, 66, '2025-10-14', 8, 34, 1, 12),
('LOTE0037', 189, 144, '2026-03-05', 13, 33, 2, 29),
('LOTE0038', 168, 100, '2025-12-29', 10, 34, 3, 35),
('LOTE0039', 122, 90, '2025-09-10', 2, 33, 4, 37),
('LOTE0040', 111, 84, '2026-01-19', 7, 34, 5, 14),
('LOTE0041', 93, 73, '2026-03-15', 4, 33, 6, 40),
('LOTE0042', 149, 110, '2025-10-08', 1, 34, 7, 13),
('LOTE0043', 107, 90, '2026-04-01', 15, 33, 8, 31),
('LOTE0044', 120, 90, '2026-02-05', 5, 34, 9, 39),
('LOTE0045', 90, 60, '2025-12-10', 6, 33, 10, 36),
('LOTE0046', 180, 140, '2025-11-18', 3, 34, 11, 5),
('LOTE0047', 145, 115, '2025-09-15', 12, 33, 12, 11),
('LOTE0048', 99, 88, '2026-01-28', 9, 34, 13, 10),
('LOTE0049', 133, 90, '2025-11-25', 14, 33, 14, 28),
('LOTE0050', 101, 50, '2026-03-07', 13, 34, 15, 23),
('LOTE0051', 176, 130, '2025-09-30', 8, 33, 16, 6),
('LOTE0052', 166, 130, '2026-04-08', 7, 34, 17, 17),
('LOTE0053', 114, 89, '2025-10-02', 10, 33, 18, 22),
('LOTE0054', 97, 84, '2026-01-14', 11, 34, 19, 3),
('LOTE0055', 128, 100, '2026-02-20', 4, 33, 20, 7),
('LOTE0056', 136, 110, '2025-12-05', 2, 34, 21, 30),
('LOTE0057', 154, 120, '2025-10-27', 6, 33, 22, 8),
('LOTE0058', 144, 118, '2026-03-18', 5, 34, 23, 24),
('LOTE0059', 112, 90, '2025-08-30', 3, 33, 24, 16),
('LOTE0060', 170, 140, '2025-11-11', 1, 34, 25, 19),
('LOTE0061', 200, 200, '2025-12-12', 1, 1,  5, 31),
('LOTE0062', 150, 150, '2025-09-07', 2, 1, 11, 16),
('LOTE0063', 100, 100, '2025-09-21', 3, 1, 11, 4),
('LOTE0064', 100, 100, '2025-08-07', 1, 2, 11, 27),
('LOTE0065', 120, 120, '2025-11-04', 4, 3, 20, 39),
('LOTE0066', 60,  60, '2025-12-02', 5, 3, 3, 5),
('LOTE0067', 170, 170, '2025-09-02', 2, 4, 15, 22),
('LOTE0068', 90, 90, '2025-10-03', 6, 5, 6, 23),
('LOTE0069', 40, 40, '2025-11-23', 7, 5, 22, 27),
('LOTE0070', 300, 300, '2026-02-16', 8, 6, 22, 38),
('LOTE0071', 50, 50, '2026-01-10', 9, 6, 19, 11),
('LOTE0072', 30, 30, '2025-08-29', 10, 6, 19, 28),
('LOTE0073', 110, 110, '2026-04-07', 11, 7, 24, 32),
('LOTE0074', 85, 85, '2025-08-20', 12, 7, 1, 33),
('LOTE0075', 60, 60, '2025-10-16', 13, 8, 8, 24),
('LOTE0076', 250, 250, '2025-11-10', 14, 9, 8, 3),
('LOTE0077', 190, 190, '2025-09-22', 15, 9, 17, 8),
('LOTE0078', 200, 200, '2026-01-13', 1, 10, 14, 17),
('LOTE0079', 100, 100, '2026-02-04', 3, 10, 12, 30),
('LOTE0080', 80, 80, '2025-10-30', 5, 11, 12, 15),
('LOTE0081', 120, 120, '2025-09-28', 2, 12, 21, 36),
('LOTE0082', 60,  60, '2025-12-18', 4, 13, 16, 9),
('LOTE0083', 90, 90, '2026-03-11', 6, 13, 10, 10),
('LOTE0084', 50, 50, '2025-11-09', 7, 14, 13, 7),
('LOTE0085', 100, 100, '2025-09-11', 9, 15, 18, 18),
('LOTE0086', 70, 70, '2026-01-30', 11, 15, 7, 13),
('LOTE0087', 60, 60, '2025-10-17', 13, 16, 2, 2),
('LOTE0088', 100, 100, '2025-08-25', 14, 17, 23, 1),
('LOTE0089', 150, 150, '2026-02-01', 15, 17, 23, 26),
('LOTE0090', 120, 120, '2025-12-28', 1, 18, 4, 20),
('LOTE0091', 90, 90, '2025-09-25', 5, 19, 24, 6),
('LOTE0092', 40, 40, '2025-11-06', 10, 20, 9, 34),
('LOTE0093', 140, 140, '2025-12-12', 3, 21, 7, 21),
('LOTE0094', 80, 80, '2026-02-22', 6, 22, 6, 19),
('LOTE0095', 60, 60, '2026-01-01', 12, 23, 25, 25),
('LOTE0096', 130, 130, '2025-10-14', 2, 24, 1, 12),
('LOTE0097', 100, 100, '2026-03-05', 4, 25, 2, 29),
('LOTE0098', 90, 90, '2025-12-29', 14, 26, 3, 35),
('LOTE0099', 180, 180, '2025-09-10', 1, 27, 4, 37),
('LOTE0100', 60, 60, '2026-01-19', 11, 28, 5, 14),
('LOTE0101', 40, 40, '2026-03-15', 15, 28, 6, 40),
('LOTE0102', 90, 90, '2025-10-08', 7, 29, 7, 13),
('LOTE0103', 60, 60, '2026-04-01', 8, 30, 8, 31),
('LOTE0104', 110, 110, '2026-02-05', 9, 30, 9, 39),
('LOTE0105', 140, 140, '2025-12-10', 2, 31, 10, 36),
('LOTE0106', 100, 100, '2025-11-18', 3, 31, 11, 5),
('LOTE0107', 70, 70, '2025-09-15', 12, 32, 12, 11),
('LOTE0108', 100, 100, '2026-01-28', 4, 33, 13, 10),
('LOTE0109', 90, 90, '2025-11-25', 6, 33, 14, 28),
('LOTE0110', 50, 50, '2026-03-07', 10, 34, 15, 23);

INSERT INTO NotificacionesReclamo (
	id_notificacion_reclamo, cod_notificacion_reclamo, id_inspeccion_lote_insumo,
	id_lote_insumo, id_empleado, estado
) VALUES
(1, 'NR000001', 1, 102, 54,  'Atendido'),
(2, 'NR000002', 2, 103, 10,  'Atendido'),
(3, 'NR000003', 3, 104, 31,  'Atendido'),
(4, 'NR000004', 4, 105, 25,  'Atendido'),
(5, 'NR000005', 5, 106, 23,  'Atendido'),
(6, 'NR000006', 6, 107, 41, 'Pendiente');

INSERT INTO Reclamos (
	id_reclamo, cod_reclamo, objetivo,
	id_lote_insumo, monto_devuelto, fecha_atencion_reclamo
) VALUES
(1, 'RC000001', 'Reposicion', 108, null     , '2024-04-01 12:45:12'),
(2, 'RC000002', 'Devolucion', null   , 2300.00, '2024-04-02 13:41:17'),
(3, 'RC000003', 'Reposicion', 109, null     , '2024-04-02 14:20:44'),
(4, 'RC000004', 'Devolucion', null   , 2200.00, '2024-04-07 12:01:17'),
(5, 'RC000005', 'Reposicion', 110, null     , '2024-04-07 13:11:52');

INSERT INTO InsumosXProveedores (
	id_proveedor, id_insumo, precio_referencial
) VALUES
(2 , 1 ,  5.20),
(2 , 2 ,  4.25),
(2 , 3 ,  3.20),
(8 , 1 ,  5.15),
(8 , 2 ,  4.55),
(8 , 3 ,  3.15),
(7 , 4 ,  7.80),
(7 , 5 ,  6.50),
(7 , 6 ,  5.30),
(7 , 7 ,  6.20),
(7 , 13,  6.25),
(10, 4 ,  4.10),
(10, 5 ,  8.30),
(10, 6 ,  6.30),
(10, 7 ,  2.40),
(10, 13,  4.55),
(15, 8 ,  2.20),
(15, 9 ,  7.35),
(15, 10,  2.55),
(15, 11,  6.45),
(15, 12,  5.30),
(15, 14,  4.15),
(15, 15,  5.35);

INSERT INTO SolicitudesProduccion (id_solicitud_produccion, cod_solicitud_produccion, cantidad_requerida, fecha_requerida, fecha_solicitud, hora_solicitud, estado, id_producto) VALUES
(1, 'SP0001', 146, '2025-05-08', '2025-05-03', '08:34:00', 'Con retraso', 4),
(2, 'SP0002', 230, '2025-05-12', '2025-05-04', '16:19:00', 'Pendiente', 10),
(3, 'SP0003', 217, '2025-05-08', '2025-05-03', '14:13:00', 'Con retraso', 2),
(4, 'SP0004', 298, '2025-05-14', '2025-05-05', '16:16:00', 'Con retraso', 9),
(5, 'SP0005', 270, '2025-05-10', '2025-05-04', '13:57:00', 'Con retraso', 4),
(6, 'SP0006', 160, '2025-05-10', '2025-05-02', '11:09:00', 'Pendiente', 9),
(7, 'SP0007', 154, '2025-05-11', '2025-05-01', '15:38:00', 'Con retraso', 10),
(8, 'SP0008', 173, '2025-05-10', '2025-05-01', '16:45:00', 'Atendida', 6),
(9, 'SP0009', 254, '2025-05-08', '2025-05-01', '13:01:00', 'Con retraso', 3),
(10, 'SP0010', 122, '2025-05-06', '2025-05-01', '11:38:00', 'Atendida', 9),
(11, 'SP0011', 134, '2025-05-11', '2025-05-01', '13:23:00', 'Con retraso', 7),
(12, 'SP0012', 209, '2025-05-12', '2025-05-04', '09:18:00', 'Con retraso', 4),
(13, 'SP0013', 119, '2025-05-10', '2025-05-02', '16:23:00', 'Atendida', 3),
(14, 'SP0014', 132, '2025-05-12', '2025-05-03', '17:44:00', 'Con retraso', 6),
(15, 'SP0015', 255, '2025-05-10', '2025-05-01', '08:44:00', 'Atendida', 9),
(16, 'SP0016', 169, '2025-05-09', '2025-05-02', '10:02:00', 'Con retraso', 6),
(17, 'SP0017', 143, '2025-05-08', '2025-05-03', '12:47:00', 'Atendida', 2),
(18, 'SP0018', 140, '2025-05-15', '2025-05-05', '16:02:00', 'Con retraso', 7),
(19, 'SP0019', 117, '2025-05-13', '2025-05-03', '18:47:00', 'Pendiente', 1),
(20, 'SP0020', 160, '2025-05-10', '2025-05-05', '08:30:00', 'Con retraso', 9),
(21, 'SP0021', 164, '2025-05-08', '2025-05-01', '18:02:00', 'Atendida', 7),
(22, 'SP0022', 120, '2025-05-09', '2025-05-01', '18:37:00', 'Pendiente', 10),
(23, 'SP0023', 219, '2025-05-14', '2025-05-04', '13:04:00', 'Pendiente', 7),
(24, 'SP0024', 218, '2025-05-08', '2025-05-01', '09:40:00', 'Atendida', 3),
(25, 'SP0025', 180, '2025-05-13', '2025-05-05', '13:02:00', 'Con retraso', 1),
(26, 'SP0026', 150, '2025-05-11', '2025-05-03', '13:37:00', 'Con retraso', 5),
(27, 'SP0027', 172, '2025-05-11', '2025-05-03', '08:20:00', 'Con retraso', 4),
(28, 'SP0028', 245, '2025-05-13', '2025-05-04', '17:19:00', 'Pendiente', 4),
(29, 'SP0029', 134, '2025-05-09', '2025-05-01', '13:48:00', 'Atendida', 9),
(30, 'SP0030', 148, '2025-05-09', '2025-05-04', '16:39:00', 'Pendiente', 5),
(31, 'SP0031', 172, '2025-05-13', '2025-05-04', '16:42:00', 'Con retraso', 1),
(32, 'SP0032', 271, '2025-05-11', '2025-05-05', '15:52:00', 'Con retraso', 6),
(33, 'SP0033', 163, '2025-05-14', '2025-05-04', '08:45:00', 'Con retraso', 4),
(34, 'SP0034', 144, '2025-05-13', '2025-05-03', '10:38:00', 'Atendida', 2),
(35, 'SP0035', 218, '2025-05-09', '2025-05-01', '13:20:00', 'Pendiente', 1),
(36, 'SP0036', 167, '2025-05-12', '2025-05-02', '15:02:00', 'Con retraso', 2),
(37, 'SP0037', 268, '2025-05-11', '2025-05-04', '17:44:00', 'Con retraso', 5),
(38, 'SP0038', 173, '2025-05-10', '2025-05-04', '11:09:00', 'Pendiente', 6),
(39, 'SP0039', 266, '2025-05-09', '2025-05-01', '14:34:00', 'Pendiente', 5),
(40, 'SP0040', 258, '2025-05-11', '2025-05-02', '08:52:00', 'Con retraso', 5),
(41, 'SP0041', 263, '2025-05-10', '2025-05-05', '18:42:00', 'Atendida', 4),
(42, 'SP0042', 131, '2025-05-10', '2025-05-05', '17:24:00', 'Pendiente', 2),
(43, 'SP0043', 162, '2025-05-12', '2025-05-04', '16:51:00', 'Atendida', 7),
(44, 'SP0044', 211, '2025-05-14', '2025-05-05', '15:33:00', 'Pendiente', 3),
(45, 'SP0045', 291, '2025-05-08', '2025-05-01', '09:50:00', 'Con retraso', 7),
(46, 'SP0046', 216, '2025-05-14', '2025-05-04', '14:01:00', 'Con retraso', 7),
(47, 'SP0047', 173, '2025-05-13', '2025-05-05', '11:23:00', 'Con retraso', 9),
(48, 'SP0048', 286, '2025-05-12', '2025-05-02', '18:39:00', 'Atendida', 6),
(49, 'SP0049', 158, '2025-05-09', '2025-05-02', '18:29:00', 'Pendiente', 3),
(50, 'SP0050', 169, '2025-05-09', '2025-05-04', '12:31:00', 'Atendida', 1),
(51, 'SP0051', 232, '2025-05-12', '2025-05-02', '16:18:00', 'Pendiente', 7),
(52, 'SP0052', 136, '2025-05-08', '2025-05-02', '14:40:00', 'Con retraso', 3),
(53, 'SP0053', 114, '2025-05-11', '2025-05-02', '15:24:00', 'Con retraso', 3),
(54, 'SP0054', 186, '2025-05-11', '2025-05-04', '08:14:00', 'Atendida', 7),
(55, 'SP0055', 278, '2025-05-09', '2025-05-04', '16:15:00', 'Con retraso', 3),
(56, 'SP0056', 120, '2025-05-09', '2025-05-04', '13:13:00', 'Atendida', 7),
(57, 'SP0057', 135, '2025-05-09', '2025-05-04', '13:55:00', 'Pendiente', 6),
(58, 'SP0058', 268, '2025-05-12', '2025-05-02', '11:54:00', 'Atendida', 3),
(59, 'SP0059', 292, '2025-05-15', '2025-05-05', '17:39:00', 'Pendiente', 6),
(60, 'SP0060', 257, '2025-05-12', '2025-05-05', '13:07:00', 'Pendiente', 8);

INSERT INTO OrdenesProduccion (id_orden_produccion, cod_orden_produccion, fecha_emision, hora_emision, fecha_fin_estimada, fecha_finalizacion, estado, id_empleado) VALUES
(1, 'OP00001', '2025-05-03', '15:07:00', '2025-05-06', '2025-05-05', 'Completado', 21),
(2, 'OP00002', '2025-05-03', '14:59:00', '2025-05-09', '2025-05-11', 'Completado', 37),
(3, 'OP00003', '2025-05-04', '17:00:00', '2025-05-07', '2025-05-07', 'Con retraso', 22),
(4, 'OP00004', '2025-05-02', '18:59:00', '2025-05-08', NULL, 'En proceso', 32),
(5, 'OP00005', '2025-05-02', '09:52:00', '2025-05-08', '2025-05-09', 'Con retraso', 20),
(6, 'OP00006', '2025-05-05', '17:57:00', '2025-05-11', '2025-05-14', 'Con retraso', 15),
(7, 'OP00007', '2025-05-01', '17:15:00', '2025-05-06', '2025-05-09', 'Completado', 57),
(8, 'OP00008', '2025-05-01', '16:16:00', '2025-05-05', '2025-05-04', 'Completado', 57),
(9, 'OP00009', '2025-05-04', '12:16:00', '2025-05-10', '2025-05-09', 'Completado', 6),
(10, 'OP00010', '2025-05-01', '14:13:00', '2025-05-05', NULL, 'En proceso', 37),
(11, 'OP00011', '2025-05-03', '18:44:00', '2025-05-07', NULL, 'En proceso', 25),
(12, 'OP00012', '2025-05-03', '11:16:00', '2025-05-10', NULL, 'En proceso', 50),
(13, 'OP00013', '2025-05-05', '14:18:00', '2025-05-09', NULL, 'En proceso', 4),
(14, 'OP00014', '2025-05-04', '08:25:00', '2025-05-09', NULL, 'En proceso', 6),
(15, 'OP00015', '2025-05-03', '12:27:00', '2025-05-07', NULL, 'En proceso', 22),
(16, 'OP00016', '2025-05-04', '14:21:00', '2025-05-11', '2025-05-10', 'Con retraso', 2),
(17, 'OP00017', '2025-05-04', '08:08:00', '2025-05-11', '2025-05-10', 'Con retraso', 48),
(18, 'OP00018', '2025-05-02', '08:42:00', '2025-05-05', '2025-05-06', 'Completado', 6),
(19, 'OP00019', '2025-05-03', '08:30:00', '2025-05-06', '2025-05-09', 'Con retraso', 58),
(20, 'OP00020', '2025-05-04', '18:34:00', '2025-05-11', '2025-05-11', 'Completado', 41),
(21, 'OP00021', '2025-05-01', '08:24:00', '2025-05-05', '2025-05-06', 'Con retraso', 41),
(22, 'OP00022', '2025-05-04', '11:06:00', '2025-05-08', '2025-05-11', 'Completado', 45),
(23, 'OP00023', '2025-05-03', '11:39:00', '2025-05-10', '2025-05-13', 'Completado', 20),
(24, 'OP00024', '2025-05-04', '18:47:00', '2025-05-11', '2025-05-14', 'Con retraso', 56),
(25, 'OP00025', '2025-05-02', '08:29:00', '2025-05-05', '2025-05-06', 'Con retraso', 47),
(26, 'OP00026', '2025-05-03', '08:10:00', '2025-05-07', '2025-05-06', 'Con retraso', 51),
(27, 'OP00027', '2025-05-01', '17:23:00', '2025-05-05', '2025-05-06', 'Con retraso', 23),
(28, 'OP00028', '2025-05-03', '08:29:00', '2025-05-07', NULL, 'En proceso', 47),
(29, 'OP00029', '2025-05-03', '10:58:00', '2025-05-06', '2025-05-09', 'Completado', 45),
(30, 'OP00030', '2025-05-01', '11:47:00', '2025-05-07', NULL, 'En proceso', 59),
(31, 'OP00031', '2025-05-03', '12:16:00', '2025-05-10', '2025-05-13', 'Completado', 51),
(32, 'OP00032', '2025-05-02', '09:44:00', '2025-05-06', NULL, 'En proceso', 25),
(33, 'OP00033', '2025-05-01', '12:35:00', '2025-05-05', NULL, 'En proceso', 35),
(34, 'OP00034', '2025-05-01', '08:26:00', '2025-05-04', '2025-05-03', 'Con retraso', 22),
(35, 'OP00035', '2025-05-01', '17:41:00', '2025-05-07', NULL, 'En proceso', 27),
(36, 'OP00036', '2025-05-01', '15:59:00', '2025-05-04', NULL, 'En proceso', 41),
(37, 'OP00037', '2025-05-04', '10:48:00', '2025-05-07', '2025-05-10', 'Con retraso', 29),
(38, 'OP00038', '2025-05-04', '08:50:00', '2025-05-09', NULL, 'En proceso', 25),
(39, 'OP00039', '2025-05-04', '12:46:00', '2025-05-09', NULL, 'En proceso', 41),
(40, 'OP00040', '2025-05-05', '16:24:00', '2025-05-12', '2025-05-13', 'Con retraso', 14),
(41, 'OP00041', '2025-05-05', '12:00:00', '2025-05-12', NULL, 'En proceso', 30),
(42, 'OP00042', '2025-05-05', '16:43:00', '2025-05-08', '2025-05-08', 'Completado', 48),
(43, 'OP00043', '2025-05-03', '12:04:00', '2025-05-10', '2025-05-10', 'Completado', 35),
(44, 'OP00044', '2025-05-01', '18:03:00', '2025-05-06', NULL, 'En proceso', 23),
(45, 'OP00045', '2025-05-04', '08:18:00', '2025-05-07', '2025-05-07', 'Con retraso', 25),
(46, 'OP00046', '2025-05-01', '15:45:00', '2025-05-07', NULL, 'En proceso', 39),
(47, 'OP00047', '2025-05-02', '08:30:00', '2025-05-06', NULL, 'En proceso', 42),
(48, 'OP00048', '2025-05-02', '16:10:00', '2025-05-09', '2025-05-10', 'Con retraso', 3),
(49, 'OP00049', '2025-05-01', '16:11:00', '2025-05-08', NULL, 'En proceso', 45),
(50, 'OP00050', '2025-05-04', '11:18:00', '2025-05-07', '2025-05-07', 'Con retraso', 41),
(51, 'OP00051', '2025-05-05', '18:17:00', '2025-05-09', NULL, 'En proceso', 6),
(52, 'OP00052', '2025-05-05', '16:11:00', '2025-05-08', NULL, 'En proceso', 14),
(53, 'OP00053', '2025-05-04', '12:44:00', '2025-05-08', NULL, 'En proceso', 19),
(54, 'OP00054', '2025-05-01', '08:54:00', '2025-05-05', NULL, 'En proceso', 55),
(55, 'OP00055', '2025-05-02', '08:38:00', '2025-05-08', NULL, 'En proceso', 50),
(56, 'OP00056', '2025-05-01', '15:13:00', '2025-05-08', '2025-05-07', 'Completado', 43),
(57, 'OP00057', '2025-05-01', '10:18:00', '2025-05-08', '2025-05-09', 'Completado', 2),
(58, 'OP00058', '2025-05-01', '08:17:00', '2025-05-07', '2025-05-06', 'Completado', 17),
(59, 'OP00059', '2025-05-02', '15:33:00', '2025-05-07', NULL, 'En proceso', 48),
(60, 'OP00060', '2025-05-04', '08:52:00', '2025-05-08', NULL, 'En proceso', 9);

INSERT INTO Abastecimientos (codigo_abastecimiento, fecha_abastecimiento, estado, id_empleado, id_orden_produccion) VALUES
('AB001', '2025-04-01 08:30:00', 'atender', 5, 1),
('AB002', '2025-04-01 10:00:00', 'Atendido', 12, 2),
('AB003', '2025-04-02 09:15:00', 'atender', 7, 3),
('AB004', '2025-04-02 14:45:00', 'Atendido', 19, 4),
('AB005', '2025-04-03 11:30:00', 'Atendido', 23, 5),
('AB006', '2025-04-04 07:50:00', 'atender', 8, 6),
('AB007', '2025-04-04 12:20:00', 'Atendido', 17, 7),
('AB008', '2025-04-05 09:40:00', 'atender', 3, 8),
('AB009', '2025-04-05 15:10:00', 'Atendido', 41, 9),
('AB010', '2025-04-06 10:30:00', 'atender', 30, 10),
('AB011', '2025-04-07 08:00:00', 'Atendido', 44, 11),
('AB012', '2025-04-07 11:15:00', 'atender', 25, 12),
('AB013', '2025-04-08 14:10:00', 'Atendido', 59, 13),
('AB014', '2025-04-09 13:00:00', 'atender', 36, 14),
('AB015', '2025-04-10 09:55:00', 'Atendido', 11, 15);

INSERT INTO InventariosAbastecimiento (id_abastecimiento, id_lote_insumo, cantidad_asignada) VALUES
(1, 3, 50),
(1, 7, 30),
(1, 15, 20),

(2, 4, 60),
(2, 8, 40),

(3, 1, 25),
(3, 12, 50),
(3, 18, 35),

(4, 6, 40),
(4, 10, 30),
(4, 14, 25),

(5, 5, 45),
(5, 11, 35),

(6, 2, 60),
(6, 20, 40),

(7, 22, 55),
(7, 9, 30),

(8, 13, 20),
(8, 17, 40),
(8, 25, 30),

(9, 16, 40),
(9, 19, 35),
(9, 21, 20),

(10, 23, 50),
(10, 24, 30),

(11, 26, 45),
(11, 28, 35),

(12, 27, 60),
(12, 29, 40),
(12, 30, 20),

(13, 31, 35),
(13, 32, 30),
(13, 33, 20),

(14, 34, 25),
(14, 36, 45),

(15, 35, 50),
(15, 37, 30),
(15, 38, 20),
(15, 39, 25),
(15, 40, 30),
(15, 41, 20),
(15, 42, 15),
(15, 43, 10);

INSERT INTO DetallesSolicitud (id_solicitud_abastecimiento, id_insumo, cantidad_requeridos) VALUES
-- Solicitud 1
(1, 1, 200), (1, 2, 150), (1, 3, 100),
-- Solicitud 2
(2, 1, 180), (2, 4, 120), (2, 5, 60),
-- Solicitud 3
(3, 2, 170), (3, 6, 90), (3, 7, 40),
-- Solicitud 4
(4, 8, 300), (4, 9, 50), (4, 10, 30),
-- Solicitud 5
(5, 11, 110), (5, 12, 85), (5, 13, 60),
-- Solicitud 6
(6, 14, 250), (6, 15, 190),
-- Solicitud 7
(7, 1, 200), (7, 3, 100), (7, 5, 80),
-- Solicitud 8
(8, 2, 120), (8, 4, 60), (8, 6, 90),
-- Solicitud 9
(9, 7, 50), (9, 9, 100), (9, 11, 70),
-- Solicitud 10
(10, 13, 60), (10, 14, 100), (10, 15, 150),
-- Solicitud 11
(11, 1, 120), (11, 5, 90), (11, 10, 40),
-- Solicitud 12
(12, 3, 140), (12, 6, 80), (12, 12, 60),
-- Solicitud 13
(13, 2, 130), (13, 4, 100), (13, 14, 90),
-- Solicitud 14
(14, 1, 180), (14, 11, 60), (14, 15, 40),
-- Solicitud 15
(15, 7, 90), (15, 8, 60), (15, 9, 110),
-- Solicitud 16
(16, 2, 140), (16, 3, 100), (16, 12, 70),
-- Solicitud 17
(17, 4, 100), (17, 6, 90), (17, 10, 50),
-- Solicitud 18
(18, 13, 80), (18, 14, 150),
-- Solicitud 19
(19, 5, 100), (19, 8, 70), (19, 15, 90),
-- Solicitud 20
(20, 1, 200), (20, 2, 180), (20, 3, 160);

INSERT INTO TiposUnidad (CODIGO, DESCRIPCION) VALUES
('CAMN', 'Camión'),
('FURG', 'Furgoneta'),
('MNVN', 'Miniván'),
('CMNT', 'Camioneta'),
('TRLR', 'Tráiler');

INSERT INTO TiposIncidencia (CODIGO, DESCRIPCION) VALUES
('ED', 'Empaques dañados'),
('FE', 'Faltan empaques'),
('PD', 'Producto deteriorado'),
('PQ', 'Producto equivocado'),
('OT', 'Otro'),
('NN', 'Ninguno');

insert into Vehiculos (num_placa, tipo_unidad, estado, capac_peso, capac_emp) values
('QCW-756', 'CMNT', 'Activo', 10, 10),
('UFL-832', 'FURG', 'Inactivo', 15, 15),
('JWN-676', 'FURG', 'Activo', 15, 15),
('CRS-860', 'CMNT', 'Activo', 10, 10),
('BVF-186', 'CAMN', 'Inactivo', 50, 25),
('ENA-168', 'MNVN', 'Inactivo', 25, 17),
('VBL-633', 'MNVN', 'Inactivo', 25, 15),
('CGV-287', 'MNVN', 'Activo', 25, 15),
('HKQ-694', 'CAMN', 'Activo', 45, 20);

insert into EmpresasTransporte (id_empresa, tipo_cobertura, descripcion) values
(6, 'Regional', 'AYACUCHO'),
(9, 'Nacional', 'TODO EL PAÍS'),
(10, 'Nacional', 'TODO EL PAÍS'),
(11, 'Interprovincial', 'AYACUCHO-AREQUIPA-LIMA'),
(13, 'Nacional', 'TODO EL PAÍS'),
(14, 'Interprovincial', 'AYACUCHO-AREQUIPA-CUSCO');

insert into Transportistas (id_transportista, id_empresa, num_licencia, tipo_servicio) values
(21, 9, '355565648', 'Propio'),
(22, 6, '516806967', 'Propio'),
(23, 13, '281588881', 'Tercerizado'),
(24, 13, '648334354', 'Propio'),
(25, 14, '924135412', 'Propio'),
(26, 10, '994013108', 'Tercerizado'),
(27, 14, '939965485', 'Propio'),
(28, 10, '605727490', 'Tercerizado'),
(29, 6, '472774033', 'Tercerizado'),
(30, 14, '638411875', 'Tercerizado'),
(31, 10, '426670468', 'Propio'),
(32, 11, '279824523', 'Propio'),
(33, 11, '617452975', 'Tercerizado'),
(34, 11, '961298533', 'Tercerizado'),
(35, 13, '302938393', 'Tercerizado'),
(36, 10, '750248785', 'Propio'),
(37, 10, '124094625', 'Tercerizado'),
(38, 6, '847678518', 'Tercerizado'),
(39, 6, '831073394', 'Propio'),
(40, 13, '658497039', 'Tercerizado');

insert into ProgramacionesDespacho (id_transportista, id_vehiculo, id_empleado, codigo, fecha_prog_salida, hora_prog_salida, fecha_programacion) values
(29, 4, 9, 'PD000001', '2025-04-23', '22:30:00', '2025-04-21'),
(39, 2, 14, 'PD000002', '2025-04-03', '12:00:00', '2025-03-31'),
(28, 6, 5, 'PD000003', '2025-05-01', '21:30:00', '2025-04-30'),
(23, 8, 3, 'PD000004', '2025-05-02', '21:15:00', '2025-04-29'),
(26, 1, 5, 'PD000005', '2025-04-09', '14:15:00', '2025-04-04'),
(36, 3, 13, 'PD000006', '2025-04-26', '12:00:00', '2025-04-22'),
(21, 6, 9, 'PD000007', '2025-04-15', '10:30:00', '2025-04-14'),
(36, 8, 9, 'PD000008', '2025-04-25', '11:00:00', '2025-04-20'),
(36, 4, 2, 'PD000009', '2025-05-03', '11:30:00', '2025-04-28'),
(23, 3, 8, 'PD000010', '2025-04-23', '16:00:00', '2025-04-20'),
(26, 8, 11, 'PD000011', '2025-04-17', '21:30:00', '2025-04-16'),
(34, 9, 5, 'PD000012', '2025-04-08', '18:15:00', '2025-04-07'),
(37, 6, 15, 'PD000013', '2025-04-29', '16:15:00', '2025-04-26'),
(36, 8, 1, 'PD000014', '2025-05-01', '09:30:00', '2025-04-28'),
(21, 9, 12, 'PD000015', '2025-04-25', '20:45:00', '2025-04-24'),
(33, 9, 9, 'PD000016', '2025-04-13', '15:30:00', '2025-04-11'),
(23, 2, 14, 'PD000017', '2025-04-21', '08:45:00', '2025-04-18'),
(22, 6, 7, 'PD000018', '2025-04-19', '07:15:00', '2025-04-17'),
(24, 6, 8, 'PD000019', '2025-04-17', '22:00:00', '2025-04-15'),
(30, 4, 15, 'PD000020', '2025-04-25', '21:00:00', '2025-04-22'),
(38, 3, 6, 'PD000021', '2025-04-20', '18:00:00', '2025-04-18'),
(22, 9, 11, 'PD000022', '2025-04-20', '17:00:00', '2025-04-15'),
(30, 5, 13, 'PD000023', '2025-04-24', '09:15:00', '2025-04-20'),
(32, 4, 14, 'PD000024', '2025-04-28', '19:45:00', '2025-04-23'),
(28, 3, 6, 'PD000025', '2025-04-05', '09:00:00', '2025-04-02'),
(22, 1, 13, 'PD000026', '2025-04-15', '08:15:00', '2025-04-14'),
(24, 7, 9, 'PD000027', '2025-04-03', '18:30:00', '2025-04-01'),
(23, 7, 3, 'PD000028', '2025-04-23', '15:15:00', '2025-04-18'),
(30, 7, 8, 'PD000029', '2025-04-21', '13:15:00', '2025-04-20'),
(36, 6, 14, 'PD000030', '2025-04-14', '08:30:00', '2025-04-11'),
(38, 1, 10, 'PD000031', '2025-04-12', '16:30:00', '2025-04-08'),
(33, 6, 7, 'PD000032', '2025-04-07', '21:30:00', '2025-04-03'),
(30, 2, 9, 'PD000033', '2025-04-24', '15:00:00', '2025-04-23'),
(28, 3, 10, 'PD000034', '2025-04-13', '20:45:00', '2025-04-08'),
(31, 7, 1, 'PD000035', '2025-04-15', '17:15:00', '2025-04-11'),
(27, 1, 1, 'PD000036', '2025-04-06', '20:15:00', '2025-04-01'),
(24, 5, 2, 'PD000037', '2025-04-16', '09:00:00', '2025-04-12'),
(21, 3, 14, 'PD000038', '2025-04-18', '11:45:00', '2025-04-13'),
(27, 8, 3, 'PD000039', '2025-04-08', '05:30:00', '2025-04-07'),
(31, 2, 14, 'PD000040', '2025-04-08', '17:00:00', '2025-04-05'),
(22, 1, 7, 'PD000041', '2025-04-08', '17:30:00', '2025-04-05'),
(33, 9, 15, 'PD000042', '2025-04-30', '14:30:00', '2025-04-28'),
(29, 2, 10, 'PD000043', '2025-04-16', '15:30:00', '2025-04-15'),
(21, 6, 6, 'PD000044', '2025-04-28', '18:15:00', '2025-04-23'),
(31, 3, 3, 'PD000045', '2025-04-07', '09:30:00', '2025-04-04'),
(31, 5, 6, 'PD000046', '2025-04-30', '20:00:00', '2025-04-25'),
(23, 6, 7, 'PD000047', '2025-04-08', '16:00:00', '2025-04-06'),
(25, 2, 10, 'PD000048', '2025-04-30', '07:00:00', '2025-04-25'),
(25, 4, 1, 'PD000049', '2025-04-08', '09:15:00', '2025-04-07'),
(32, 9, 9, 'PD000050', '2025-04-06', '18:30:00', '2025-04-05'),
(30, 8, 5, 'PD000051', '2025-04-13', '19:00:00', '2025-04-09'),
(31, 1, 6, 'PD000052', '2025-04-04', '10:30:00', '2025-04-02'),
(21, 4, 8, 'PD000053', '2025-04-09', '07:45:00', '2025-04-05'),
(34, 1, 5, 'PD000054', '2025-04-08', '22:30:00', '2025-04-06'),
(38, 6, 10, 'PD000055', '2025-04-27', '05:45:00', '2025-04-24'),
(31, 1, 2, 'PD000056', '2025-05-04', '22:45:00', '2025-04-30'),
(27, 6, 10, 'PD000057', '2025-04-27', '22:45:00', '2025-04-26'),
(35, 5, 2, 'PD000058', '2025-04-20', '21:30:00', '2025-04-16'),
(27, 2, 2, 'PD000059', '2025-04-21', '17:00:00', '2025-04-17'),
(27, 1, 6, 'PD000060', '2025-04-21', '14:45:00', '2025-04-16');

insert into OrdenesCarga (id_prog_desp, codigo, fecha_salida, hora_salida, estado) values
(1, 'OC000001', '2025-04-30', '21:45:00', 'Finalizado'),
(2, 'OC000002', '2025-04-27', '11:30:00', 'En transito'),
(3, 'OC000003', '2025-04-30', '08:30:00', 'Finalizado'),
(4, 'OC000004', '2025-04-28', '18:45:00', 'Finalizado'),
(5, 'OC000005', '2025-04-26', '17:30:00', 'En transito'),
(6, 'OC000006', '2025-04-25', '18:15:00', 'En transito'),
(7, 'OC000007', '2025-04-27', '15:45:00', 'Finalizado'),
(8, 'OC000008', '2025-04-29', '19:15:00', 'En transito'),
(9, 'OC000009', '2025-04-27', '06:30:00', 'En espera'),
(10, 'OC000010', '2025-04-25', '15:45:00', 'En transito'),
(11, 'OC000011', '2025-04-26', '12:15:00', 'Finalizado'),
(12, 'OC000012', '2025-04-25', '07:15:00', 'En espera'),
(13, 'OC000013', '2025-04-26', '08:30:00', 'En transito'),
(14, 'OC000014', '2025-04-30', '14:45:00', 'Finalizado'),
(15, 'OC000015', '2025-04-29', '15:15:00', 'Finalizado'),
(16, 'OC000016', '2025-04-30', '17:45:00', 'Incidencia'),
(17, 'OC000017', '2025-04-28', '18:00:00', 'En transito'),
(18, 'OC000018', '2025-04-29', '06:30:00', 'Incidencia'),
(19, 'OC000019', '2025-04-28', '09:00:00', 'Incidencia'),
(20, 'OC000020', '2025-04-25', '20:15:00', 'Finalizado'),
(21, 'OC000021', '2025-04-25', '18:15:00', 'Incidencia'),
(22, 'OC000022', '2025-04-30', '21:00:00', 'Finalizado'),
(23, 'OC000023', '2025-04-25', '21:30:00', 'En transito'),
(24, 'OC000024', '2025-04-30', '17:45:00', 'En transito'),
(25, 'OC000025', '2025-04-25', '12:45:00', 'En transito'),
(26, 'OC000026', '2025-04-25', '08:15:00', 'En espera'),
(27, 'OC000027', '2025-04-27', '14:30:00', 'En espera'),
(28, 'OC000028', '2025-04-25', '09:15:00', 'Incidencia'),
(29, 'OC000029', '2025-04-26', '21:00:00', 'Incidencia'),
(30, 'OC000030', '2025-04-25', '12:15:00', 'Incidencia'),
(31, 'OC000031', '2025-04-30', '09:15:00', 'Incidencia'),
(32, 'OC000032', '2025-04-30', '16:45:00', 'En transito'),
(33, 'OC000033', '2025-04-29', '20:15:00', 'En espera'),
(34, 'OC000034', '2025-04-25', '16:00:00', 'Incidencia'),
(35, 'OC000035', '2025-04-25', '17:00:00', 'Incidencia'),
(36, 'OC000036', '2025-04-29', '11:45:00', 'Incidencia'),
(37, 'OC000037', '2025-04-29', '06:00:00', 'En espera'),
(38, 'OC000038', '2025-04-27', '14:00:00', 'Finalizado'),
(39, 'OC000039', '2025-04-27', '17:45:00', 'Incidencia'),
(40, 'OC000040', '2025-04-25', '06:15:00', 'Incidencia'),
(41, 'OC000041', '2025-04-25', '17:30:00', 'En espera'),
(42, 'OC000042', '2025-04-25', '20:45:00', 'Finalizado'),
(43, 'OC000043', '2025-04-30', '10:45:00', 'Finalizado'),
(44, 'OC000044', '2025-04-26', '21:45:00', 'En transito'),
(45, 'OC000045', '2025-04-25', '20:45:00', 'En transito'),
(46, 'OC000046', '2025-04-30', '20:30:00', 'Finalizado'),
(47, 'OC000047', '2025-04-26', '11:15:00', 'En transito'),
(48, 'OC000048', '2025-04-29', '18:00:00', 'En espera'),
(49, 'OC000049', '2025-04-26', '08:15:00', 'Finalizado'),
(50, 'OC000050', '2025-04-30', '18:30:00', 'Finalizado'),
(51, 'OC000051', '2025-04-28', '08:00:00', 'En espera'),
(52, 'OC000052', '2025-04-30', '10:45:00', 'Incidencia'),
(53, 'OC000053', '2025-04-26', '19:45:00', 'Incidencia'),
(54, 'OC000054', '2025-04-30', '12:30:00', 'Incidencia'),
(55, 'OC000055', '2025-04-29', '10:30:00', 'Incidencia'),
(56, 'OC000056', '2025-04-26', '13:15:00', 'En espera'),
(57, 'OC000057', '2025-04-28', '08:15:00', 'En transito'),
(58, 'OC000058', '2025-04-25', '19:00:00', 'Finalizado'),
(59, 'OC000059', '2025-04-28', '17:30:00', 'Finalizado'),
(60, 'OC000060', '2025-04-30', '20:45:00', 'Finalizado');

insert into PedidosDespacho (id_prog_desp, id_pedido_cliente, motivo_despacho) values
(1, 1, 'Reposicion'),
(1, 2, 'Entrega'),
(2, 3, 'Entrega'),
(3, 4, 'Reposicion'),
(4, 5, 'Entrega'),
(5, 6, 'Entrega'),
(6, 7, 'Reposicion'),
(7, 8, 'Reposicion'),
(8, 9, 'Entrega'),
(8, 10, 'Reposicion'),
(9, 11, 'Reposicion'),
(9, 12, 'Reposicion'),
(10, 13, 'Entrega'),
(11, 14, 'Entrega'),
(12, 15, 'Reposicion'),
(12, 16, 'Reposicion'),
(13, 17, 'Entrega'),
(14, 18, 'Reposicion'),
(14, 19, 'Reposicion'),
(15, 20, 'Entrega'),
(15, 21, 'Reposicion'),
(16, 22, 'Entrega'),
(17, 23, 'Entrega'),
(18, 24, 'Entrega'),
(19, 25, 'Reposicion'),
(19, 26, 'Entrega'),
(20, 27, 'Entrega'),
(21, 28, 'Reposicion'),
(21, 29, 'Reposicion'),
(22, 30, 'Reposicion'),
(23, 31, 'Reposicion'),
(23, 32, 'Reposicion'),
(24, 33, 'Entrega'),
(25, 34, 'Reposicion'),
(26, 35, 'Reposicion'),
(27, 36, 'Reposicion'),
(27, 37, 'Reposicion'),
(28, 38, 'Entrega'),
(28, 39, 'Reposicion'),
(29, 40, 'Reposicion'),
(29, 41, 'Reposicion'),
(30, 42, 'Reposicion'),
(31, 43, 'Entrega'),
(32, 44, 'Entrega'),
(33, 45, 'Reposicion'),
(33, 46, 'Reposicion'),
(34, 47, 'Reposicion'),
(34, 48, 'Reposicion'),
(35, 49, 'Reposicion'),
(35, 50, 'Reposicion'),
(36, 51, 'Reposicion'),
(36, 52, 'Entrega'),
(37, 53, 'Reposicion'),
(37, 54, 'Reposicion'),
(38, 55, 'Entrega'),
(39, 56, 'Entrega'),
(39, 57, 'Reposicion'),
(40, 58, 'Entrega'),
(40, 59, 'Reposicion'),
(41, 60, 'Reposicion'),
(42, 61, 'Reposicion'),
(43, 62, 'Entrega'),
(44, 63, 'Entrega'),
(45, 64, 'Entrega'),
(46, 65, 'Entrega'),
(46, 66, 'Entrega'),
(47, 67, 'Entrega'),
(47, 68, 'Entrega'),
(48, 69, 'Reposicion'),
(48, 70, 'Reposicion'),
(49, 71, 'Entrega'),
(49, 72, 'Reposicion'),
(50, 73, 'Entrega'),
(50, 74, 'Reposicion'),
(51, 75, 'Entrega'),
(51, 76, 'Entrega'),
(52, 77, 'Reposicion'),
(52, 78, 'Entrega'),
(53, 79, 'Reposicion'),
(53, 80, 'Entrega'),
(54, 81, 'Reposicion'),
(55, 82, 'Entrega'),
(56, 83, 'Reposicion'),
(57, 84, 'Reposicion'),
(57, 85, 'Entrega'),
(58, 86, 'Reposicion'),
(59, 87, 'Entrega'),
(60, 88, 'Reposicion');

insert into RegistrosEntrega (id_orden_carga, id_pedido_cliente, estado_entrega, fecha_entrega, hora_entrega) values
(1, 1, 'Conforme', '2025-04-25', '14:45:00'),
(1, 2, 'Rechazado', '2025-04-25', '12:00:00'),
(2, 3, 'Rechazado', '2025-04-29', '20:00:00'),
(3, 4, 'Pendiente', NULL, NULL),
(4, 5, 'Rechazado', '2025-04-26', '10:45:00'),
(5, 6, 'Pendiente', NULL, NULL),
(6, 7, 'Conforme', '2025-04-27', '11:45:00'),
(7, 8, 'Conforme', '2025-04-25', '07:15:00'),
(8, 9, 'Pendiente', NULL, NULL),
(8, 10, 'Conforme', '2025-04-29', '17:00:00'),
(9, 11, 'Conforme', '2025-04-26', '08:00:00'),
(9, 12, 'Pendiente', NULL, NULL),
(10, 13, 'Conforme', '2025-04-26', '06:00:00'),
(11, 14, 'Pendiente', NULL, NULL),
(12, 15, 'Rechazado', '2025-04-28', '19:15:00'),
(12, 16, 'Pendiente', NULL, NULL),
(13, 17, 'Conforme', '2025-04-29', '17:00:00'),
(14, 18, 'Rechazado', '2025-04-26', '11:00:00'),
(14, 19, 'Rechazado', '2025-04-30', '20:45:00'),
(15, 20, 'Pendiente', NULL, NULL),
(15, 21, 'Rechazado', '2025-04-25', '19:45:00'),
(16, 22, 'Conforme', '2025-04-28', '17:15:00'),
(17, 23, 'Pendiente', NULL, NULL),
(18, 24, 'Pendiente', NULL, NULL),
(19, 25, 'Rechazado', '2025-04-26', '09:45:00'),
(19, 26, 'Rechazado', '2025-04-26', '13:45:00'),
(20, 27, 'Rechazado', '2025-04-27', '10:30:00'),
(21, 28, 'Conforme', '2025-04-26', '13:30:00'),
(21, 29, 'Rechazado', '2025-04-28', '08:00:00'),
(22, 30, 'Rechazado', '2025-04-25', '14:00:00'),
(23, 31, 'Pendiente', NULL, NULL),
(23, 32, 'Conforme', '2025-04-30', '19:00:00'),
(24, 33, 'Conforme', '2025-04-30', '13:30:00'),
(25, 34, 'Conforme', '2025-04-25', '12:45:00'),
(26, 35, 'Conforme', '2025-04-28', '20:30:00'),
(27, 36, 'Conforme', '2025-04-30', '14:30:00'),
(27, 37, 'Conforme', '2025-04-28', '11:45:00'),
(28, 38, 'Pendiente', NULL, NULL),
(28, 39, 'Conforme', '2025-04-27', '07:00:00'),
(29, 40, 'Pendiente', NULL, NULL),
(29, 41, 'Pendiente', NULL, NULL),
(30, 42, 'Pendiente', NULL, NULL),
(31, 43, 'Pendiente', NULL, NULL),
(32, 44, 'Pendiente', NULL, NULL),
(33, 45, 'Conforme', '2025-04-30', '12:00:00'),
(33, 46, 'Rechazado', '2025-04-26', '16:45:00'),
(34, 47, 'Conforme', '2025-04-29', '16:30:00'),
(34, 48, 'Conforme', '2025-04-27', '06:30:00'),
(35, 49, 'Rechazado', '2025-04-30', '17:30:00'),
(35, 50, 'Rechazado', '2025-04-27', '06:15:00'),
(36, 51, 'Conforme', '2025-04-26', '15:30:00'),
(36, 52, 'Pendiente', NULL, NULL),
(37, 53, 'Conforme', '2025-04-29', '12:30:00'),
(37, 54, 'Rechazado', '2025-04-28', '13:30:00'),
(38, 55, 'Pendiente', NULL, NULL),
(39, 56, 'Conforme', '2025-04-27', '09:15:00'),
(39, 57, 'Rechazado', '2025-04-30', '08:45:00'),
(40, 58, 'Rechazado', '2025-04-29', '06:45:00'),
(40, 59, 'Conforme', '2025-04-28', '15:15:00'),
(41, 60, 'Conforme', '2025-04-30', '20:30:00'),
(42, 61, 'Conforme', '2025-04-29', '11:00:00'),
(43, 62, 'Conforme', '2025-04-26', '18:00:00'),
(44, 63, 'Rechazado', '2025-04-30', '15:30:00'),
(45, 64, 'Conforme', '2025-04-30', '06:00:00'),
(46, 65, 'Pendiente', NULL, NULL),
(46, 66, 'Pendiente', NULL, NULL),
(47, 67, 'Conforme', '2025-04-26', '08:00:00'),
(47, 68, 'Conforme', '2025-04-27', '08:00:00'),
(48, 69, 'Rechazado', '2025-04-28', '07:45:00'),
(48, 70, 'Rechazado', '2025-04-26', '06:15:00'),
(49, 71, 'Rechazado', '2025-04-29', '18:30:00'),
(49, 72, 'Rechazado', '2025-04-30', '19:30:00'),
(50, 73, 'Conforme', '2025-04-30', '16:00:00'),
(50, 74, 'Conforme', '2025-04-27', '11:15:00'),
(51, 75, 'Conforme', '2025-04-29', '12:15:00'),
(51, 76, 'Rechazado', '2025-04-28', '20:00:00'),
(52, 77, 'Conforme', '2025-04-29', '13:00:00'),
(52, 78, 'Conforme', '2025-04-25', '19:00:00'),
(53, 79, 'Pendiente', NULL, NULL),
(53, 80, 'Conforme', '2025-04-30', '06:45:00'),
(54, 81, 'Rechazado', '2025-04-26', '12:15:00'),
(55, 82, 'Conforme', '2025-04-26', '11:45:00'),
(56, 83, 'Rechazado', '2025-04-29', '19:15:00'),
(57, 84, 'Pendiente', NULL, NULL),
(57, 85, 'Rechazado', '2025-04-26', '09:30:00'),
(58, 86, 'Conforme', '2025-04-29', '17:15:00'),
(59, 87, 'Rechazado', '2025-04-29', '16:15:00'),
(60, 88, 'Conforme', '2025-04-28', '18:00:00');

insert into GuiasRemision (id_reg_ent, num_guia, motivo_traslado, fecha_emision, origen_direccion, ubigeo_origen, destino_direccion, ubigeo_destino) values
(1, '1376226005471', 'Venta', '2025-04-29', 'Jr 24 de Junio 173', '050101', 'Av. Los Incas 456', '150101'),
(2, '5625629530759', 'Venta', '2025-04-30', 'Jr 24 de Junio 173', '050101', 'Av. Amazonas 345', '150101'),
(2, '5637640614368', 'Devolucion', '2025-04-29', 'Av. Amazonas 345', '150101', 'Jr 24 de Junio 173', '050101'),
(3, '8622330924007', 'Venta', '2025-04-30', 'Jr 24 de Junio 173', '050101', 'Av. Amazonas 345', '150101'),
(3, '2302313138740', 'Devolucion', '2025-04-29', 'Av. Amazonas 345', '150101', 'Jr 24 de Junio 173', '050101'),
(4, '4133004822426', 'Venta', '2025-04-28', 'Jr 24 de Junio 173', '050101', 'Av. Los Incas 456', '150101'),
(5, '9583268842507', 'Venta', '2025-04-28', 'Jr 24 de Junio 173', '050101', 'Av. Los Incas 456', '150101'),
(6, '3612990146111', 'Venta', '2025-04-28', 'Jr 24 de Junio 173', '050101', 'Av. Los Incas 456', '150101'),
(7, '4180149266755', 'Venta', '2025-04-30', 'Jr 24 de Junio 173', '050101', 'Av. Los Incas 456', '150101'),
(8, '2898446251836', 'Venta', '2025-04-29', 'Jr 24 de Junio 173', '050101', 'Av. Los Incas 456', '150101'),
(10, '1009666907598', 'Venta', '2025-04-30', 'Jr 24 de Junio 173', '050101', 'Av. Los Incas 456', '150101'),
(11, '4733568515162', 'Venta', '2025-04-30', 'Jr 24 de Junio 173', '050101', 'Av. Los Incas 456', '150101'),
(13, '1514481547497', 'Venta', '2025-04-29', 'Jr 24 de Junio 173', '050101', 'Av. Los Incas 456', '150101'),
(15, '1788913839162', 'Venta', '2025-04-29', 'Jr 24 de Junio 173', '050101', 'Av. Amazonas 345', '150101'),
(15, '1097795882963', 'Devolucion', '2025-04-28', 'Av. Amazonas 345', '150101', 'Jr 24 de Junio 173', '050101'),
(17, '3417698393801', 'Venta', '2025-04-29', 'Jr 24 de Junio 173', '050101', 'Av. Los Incas 456', '150101'),
(18, '1107136299695', 'Venta', '2025-04-29', 'Jr 24 de Junio 173', '050101', 'Av. Amazonas 345', '150101'),
(18, '8124749846919', 'Devolucion', '2025-04-30', 'Av. Amazonas 345', '150101', 'Jr 24 de Junio 173', '050101'),
(19, '7315376802229', 'Venta', '2025-04-28', 'Jr 24 de Junio 173', '050101', 'Av. Amazonas 345', '150101'),
(19, '5294159942493', 'Devolucion', '2025-04-28', 'Av. Amazonas 345', '150101', 'Jr 24 de Junio 173', '050101'),
(21, '8372142460086', 'Venta', '2025-04-28', 'Jr 24 de Junio 173', '050101', 'Av. Amazonas 345', '150101'),
(21, '3569612024905', 'Devolucion', '2025-04-28', 'Av. Amazonas 345', '150101', 'Jr 24 de Junio 173', '050101'),
(22, '9958079904000', 'Venta', '2025-04-28', 'Jr 24 de Junio 173', '050101', 'Av. Los Incas 456', '150101'),
(25, '7821317801753', 'Venta', '2025-04-28', 'Jr 24 de Junio 173', '050101', 'Av. Amazonas 345', '150101'),
(25, '3948826559247', 'Devolucion', '2025-04-29', 'Av. Amazonas 345', '150101', 'Jr 24 de Junio 173', '050101'),
(26, '7873738432372', 'Venta', '2025-04-29', 'Jr 24 de Junio 173', '050101', 'Av. Amazonas 345', '150101'),
(26, '8968930550362', 'Devolucion', '2025-04-29', 'Av. Amazonas 345', '150101', 'Jr 24 de Junio 173', '050101'),
(27, '3929732757374', 'Venta', '2025-04-28', 'Jr 24 de Junio 173', '050101', 'Av. Amazonas 345', '150101'),
(27, '5085320606973', 'Devolucion', '2025-04-30', 'Av. Amazonas 345', '150101', 'Jr 24 de Junio 173', '050101'),
(28, '5605202333970', 'Venta', '2025-04-29', 'Jr 24 de Junio 173', '050101', 'Av. Los Incas 456', '150101'),
(29, '2078833789563', 'Venta', '2025-04-30', 'Jr 24 de Junio 173', '050101', 'Av. Amazonas 345', '150101'),
(29, '6426901574966', 'Devolucion', '2025-04-29', 'Av. Amazonas 345', '150101', 'Jr 24 de Junio 173', '050101'),
(30, '5583971265653', 'Venta', '2025-04-29', 'Jr 24 de Junio 173', '050101', 'Av. Amazonas 345', '150101'),
(30, '9560500580464', 'Devolucion', '2025-04-29', 'Av. Amazonas 345', '150101', 'Jr 24 de Junio 173', '050101'),
(32, '4977354642115', 'Venta', '2025-04-30', 'Jr 24 de Junio 173', '050101', 'Av. Los Incas 456', '150101'),
(33, '2716517819340', 'Venta', '2025-04-28', 'Jr 24 de Junio 173', '050101', 'Av. Los Incas 456', '150101'),
(34, '2175854775626', 'Venta', '2025-04-28', 'Jr 24 de Junio 173', '050101', 'Av. Los Incas 456', '150101'),
(35, '7220131799099', 'Venta', '2025-04-29', 'Jr 24 de Junio 173', '050101', 'Av. Los Incas 456', '150101'),
(36, '7465705688294', 'Venta', '2025-04-30', 'Jr 24 de Junio 173', '050101', 'Av. Los Incas 456', '150101'),
(37, '1057728902763', 'Venta', '2025-04-30', 'Jr 24 de Junio 173', '050101', 'Av. Los Incas 456', '150101'),
(39, '6118079716835', 'Venta', '2025-04-29', 'Jr 24 de Junio 173', '050101', 'Av. Los Incas 456', '150101'),
(45, '6197725175611', 'Venta', '2025-04-29', 'Jr 24 de Junio 173', '050101', 'Av. Los Incas 456', '150101'),
(46, '7416915680384', 'Venta', '2025-04-30', 'Jr 24 de Junio 173', '050101', 'Av. Amazonas 345', '150101'),
(46, '4450442413597', 'Devolucion', '2025-04-30', 'Av. Amazonas 345', '150101', 'Jr 24 de Junio 173', '050101'),
(47, '6777477989339', 'Venta', '2025-04-29', 'Jr 24 de Junio 173', '050101', 'Av. Los Incas 456', '150101'),
(48, '9164788905760', 'Venta', '2025-04-29', 'Jr 24 de Junio 173', '050101', 'Av. Los Incas 456', '150101'),
(49, '7036260718359', 'Venta', '2025-04-29', 'Jr 24 de Junio 173', '050101', 'Av. Amazonas 345', '150101'),
(49, '6667887045527', 'Devolucion', '2025-04-30', 'Av. Amazonas 345', '150101', 'Jr 24 de Junio 173', '050101'),
(50, '6293258267220', 'Venta', '2025-04-28', 'Jr 24 de Junio 173', '050101', 'Av. Amazonas 345', '150101'),
(50, '2263032972458', 'Devolucion', '2025-04-30', 'Av. Amazonas 345', '150101', 'Jr 24 de Junio 173', '050101'),
(51, '6154461531505', 'Venta', '2025-04-30', 'Jr 24 de Junio 173', '050101', 'Av. Los Incas 456', '150101'),
(52, '4307854533131', 'Venta', '2025-04-30', 'Jr 24 de Junio 173', '050101', 'Av. Los Incas 456', '150101'),
(54, '6632881326665', 'Venta', '2025-04-28', 'Jr 24 de Junio 173', '050101', 'Av. Los Incas 456', '150101'),
(55, '2167742126581', 'Venta', '2025-04-28', 'Jr 24 de Junio 173', '050101', 'Av. Los Incas 456', '150101'),
(56, '1638108876308', 'Venta', '2025-04-28', 'Jr 24 de Junio 173', '050101', 'Av. Amazonas 345', '150101'),
(56, '2299069869785', 'Devolucion', '2025-04-30', 'Av. Amazonas 345', '150101', 'Jr 24 de Junio 173', '050101'),
(57, '3121553402807', 'Venta', '2025-04-30', 'Jr 24 de Junio 173', '050101', 'Av. Amazonas 345', '150101'),
(57, '2934013051360', 'Devolucion', '2025-04-28', 'Av. Amazonas 345', '150101', 'Jr 24 de Junio 173', '050101'),
(58, '6504252274910', 'Venta', '2025-04-28', 'Jr 24 de Junio 173', '050101', 'Av. Los Incas 456', '150101'),
(59, '1454881861219', 'Venta', '2025-04-30', 'Jr 24 de Junio 173', '050101', 'Av. Los Incas 456', '150101'),
(60, '8937129032960', 'Venta', '2025-04-28', 'Jr 24 de Junio 173', '050101', 'Av. Los Incas 456', '150101'),
(61, '1076351232384', 'Venta', '2025-04-28', 'Jr 24 de Junio 173', '050101', 'Av. Los Incas 456', '150101'),
(62, '2495382084537', 'Venta', '2025-04-30', 'Jr 24 de Junio 173', '050101', 'Av. Los Incas 456', '150101'),
(63, '1990052110801', 'Venta', '2025-04-29', 'Jr 24 de Junio 173', '050101', 'Av. Los Incas 456', '150101'),
(64, '1817449410170', 'Venta', '2025-04-30', 'Jr 24 de Junio 173', '050101', 'Av. Los Incas 456', '150101'),
(65, '7541945477725', 'Venta', '2025-04-29', 'Jr 24 de Junio 173', '050101', 'Av. Los Incas 456', '150101'),
(66, '9689931395573', 'Venta', '2025-04-30', 'Jr 24 de Junio 173', '050101', 'Av. Los Incas 456', '150101'),
(67, '2743326224077', 'Venta', '2025-04-28', 'Jr 24 de Junio 173', '050101', 'Av. Los Incas 456', '150101'),
(68, '7192753907206', 'Venta', '2025-04-30', 'Jr 24 de Junio 173', '050101', 'Av. Los Incas 456', '150101'),
(69, '9011697482237', 'Venta', '2025-04-30', 'Jr 24 de Junio 173', '050101', 'Av. Amazonas 345', '150101'),
(69, '9256938185171', 'Devolucion', '2025-04-30', 'Av. Amazonas 345', '150101', 'Jr 24 de Junio 173', '050101'),
(70, '3788982608720', 'Venta', '2025-04-30', 'Jr 24 de Junio 173', '050101', 'Av. Amazonas 345', '150101'),
(70, '5113521165785', 'Devolucion', '2025-04-29', 'Av. Amazonas 345', '150101', 'Jr 24 de Junio 173', '050101'),
(71, '7816074922826', 'Venta', '2025-04-29', 'Jr 24 de Junio 173', '050101', 'Av. Amazonas 345', '150101'),
(71, '4576085622047', 'Devolucion', '2025-04-30', 'Av. Amazonas 345', '150101', 'Jr 24 de Junio 173', '050101'),
(72, '4068825857355', 'Venta', '2025-04-28', 'Jr 24 de Junio 173', '050101', 'Av. Amazonas 345', '150101'),
(72, '8984449992094', 'Devolucion', '2025-04-28', 'Av. Amazonas 345', '150101', 'Jr 24 de Junio 173', '050101'),
(73, '9354431958834', 'Venta', '2025-04-29', 'Jr 24 de Junio 173', '050101', 'Av. Amazonas 345', '150101'),
(73, '2497518416501', 'Devolucion', '2025-04-30', 'Av. Amazonas 345', '150101', 'Jr 24 de Junio 173', '050101'),
(74, '2261023497832', 'Venta', '2025-04-29', 'Jr 24 de Junio 173', '050101', 'Av. Los Incas 456', '150101'),
(75, '2691748696556', 'Venta', '2025-04-30', 'Jr 24 de Junio 173', '050101', 'Av. Los Incas 456', '150101'),
(76, '6721052749831', 'Venta', '2025-04-29', 'Jr 24 de Junio 173', '050101', 'Av. Los Incas 456', '150101'),
(77, '8004594082118', 'Devolucion', '2025-04-28', 'Av. Amazonas 345', '150101', 'Jr 24 de Junio 173', '050101'),
(78, '3622975455216', 'Venta', '2025-04-28', 'Jr 24 de Junio 173', '050101', 'Av. Los Incas 456', '150101'),
(79, '7496353249148', 'Venta', '2025-04-28', 'Jr 24 de Junio 173', '050101', 'Av. Amazonas 345', '150101'),
(79, '1017389822795', 'Devolucion', '2025-04-29', 'Av. Amazonas 345', '150101', 'Jr 24 de Junio 173', '050101'),
(80, '7582812612539', 'Venta', '2025-04-28', 'Jr 24 de Junio 173', '050101', 'Av. Los Incas 456', '150101');

INSERT INTO LotesProducto (id_lote_producto, cod_lote_producto, cantidad_producida, fecha_creacion, hora_creacion, estado, fecha_vencimiento, etapa_produccion, id_orden_produccion) VALUES
(1, 'LP00001', 73, '2025-04-01', '07:15:00', 'Retirado', '2025-06-30', 'Mezclado', 1),
(2, 'LP00002', 76, '2025-04-01', '07:30:00', 'Completado', '2025-06-30', 'Almacen', 2),
(3, 'LP00003', 55, '2025-04-01', '07:45:00', 'Retirado', '2025-06-30', 'Envasado', 2),
(4, 'LP00004', 98, '2025-04-01', '08:00:00', 'En inspeccion', '2025-06-30', 'Mezclado', 2),
(5, 'LP00005', 75, '2025-04-01', '08:15:00', 'En inspeccion', '2025-06-30', 'Mezclado', 3),
(6, 'LP00006', 88, '2025-04-01', '08:30:00', 'Retirado', '2025-06-30', 'Envasado', 4),
(7, 'LP00007', 72, '2025-04-01', '08:45:00', 'En inspeccion', '2025-06-30', 'Secado', 4),
(8, 'LP00008', 89, '2025-04-01', '09:00:00', 'En proceso', '2025-06-30', 'Mezclado', 4),
(9, 'LP00009', 66, '2025-04-01', '09:15:00', 'Completado', '2025-06-30', 'Almacen', 5),
(10, 'LP00010', 65, '2025-04-01', '09:30:00', 'En inspeccion', '2025-06-30', 'Envasado', 5),
(11, 'LP00011', 94, '2025-04-01', '09:45:00', 'Completado', '2025-06-30', 'Almacen', 6),
(12, 'LP00012', 93, '2025-04-01', '10:00:00', 'Completado', '2025-06-30', 'Almacen', 6),
(13, 'LP00013', 89, '2025-04-01', '10:15:00', 'En inspeccion', '2025-06-30', 'Mezclado', 7),
(14, 'LP00014', 73, '2025-04-01', '10:30:00', 'Completado', '2025-06-30', 'Almacen', 7),
(15, 'LP00015', 80, '2025-04-01', '10:45:00', 'En proceso', '2025-06-30', 'Secado', 8),
(16, 'LP00016', 78, '2025-04-01', '11:00:00', 'Retirado', '2025-06-30', 'Dosificado', 8),
(17, 'LP00017', 53, '2025-04-01', '11:15:00', 'En inspeccion', '2025-06-30', 'Secado', 8),
(18, 'LP00018', 78, '2025-04-01', '11:30:00', 'Completado', '2025-06-30', 'Almacen', 9),
(19, 'LP00019', 99, '2025-04-01', '11:45:00', 'En proceso', '2025-06-30', 'Dosificado', 9),
(20, 'LP00020', 57, '2025-04-01', '12:00:00', 'Completado', '2025-06-30', 'Almacen', 9),
(21, 'LP00021', 95, '2025-04-01', '12:15:00', 'Retirado', '2025-06-30', 'Mezclado', 10),
(22, 'LP00022', 92, '2025-04-01', '12:30:00', 'En inspeccion', '2025-06-30', 'Envasado', 10),
(23, 'LP00023', 60, '2025-04-01', '12:45:00', 'En proceso', '2025-06-30', 'Moldeado', 11),
(24, 'LP00024', 65, '2025-04-01', '13:00:00', 'Retirado', '2025-06-30', 'Secado', 12),
(25, 'LP00025', 66, '2025-04-01', '13:15:00', 'Retirado', '2025-06-30', 'Moldeado', 12),
(26, 'LP00026', 89, '2025-04-01', '13:30:00', 'En inspeccion', '2025-06-30', 'Moldeado', 13),
(27, 'LP00027', 70, '2025-04-01', '13:45:00', 'Completado', '2025-06-30', 'Almacen', 13),
(28, 'LP00028', 83, '2025-04-01', '14:00:00', 'Completado', '2025-06-30', 'Almacen', 13),
(29, 'LP00029', 91, '2025-04-01', '14:15:00', 'Retirado', '2025-06-30', 'Dosificado', 14),
(30, 'LP00030', 79, '2025-04-01', '14:30:00', 'Completado', '2025-06-30', 'Almacen', 14),
(31, 'LP00031', 85, '2025-04-01', '14:45:00', 'Completado', '2025-06-30', 'Almacen', 15),
(32, 'LP00032', 55, '2025-04-01', '15:00:00', 'En inspeccion', '2025-06-30', 'Secado', 15),
(33, 'LP00033', 54, '2025-04-01', '15:15:00', 'Completado', '2025-06-30', 'Almacen', 16),
(34, 'LP00034', 100, '2025-04-01', '15:30:00', 'Retirado', '2025-06-30', 'Dosificado', 16),
(35, 'LP00035', 81, '2025-04-01', '15:45:00', 'En proceso', '2025-06-30', 'Envasado', 17),
(36, 'LP00036', 51, '2025-04-01', '16:00:00', 'Retirado', '2025-06-30', 'Dosificado', 17),
(37, 'LP00037', 84, '2025-04-01', '16:15:00', 'Completado', '2025-06-30', 'Almacen', 18),
(38, 'LP00038', 73, '2025-04-01', '16:30:00', 'En inspeccion', '2025-06-30', 'Dosificado', 19),
(39, 'LP00039', 95, '2025-04-01', '16:45:00', 'Retirado', '2025-06-30', 'Secado', 19),
(40, 'LP00040', 61, '2025-04-01', '17:00:00', 'En inspeccion', '2025-06-30', 'Envasado', 19),
(41, 'LP00041', 87, '2025-04-01', '17:15:00', 'Retirado', '2025-06-30', 'Dosificado', 20),
(42, 'LP00042', 86, '2025-04-01', '17:30:00', 'Retirado', '2025-06-30', 'Secado', 20),
(43, 'LP00043', 53, '2025-04-01', '17:45:00', 'En inspeccion', '2025-06-30', 'Moldeado', 20),
(44, 'LP00044', 52, '2025-04-01', '18:00:00', 'En inspeccion', '2025-06-30', 'Secado', 21),
(45, 'LP00045', 83, '2025-04-01', '18:15:00', 'En inspeccion', '2025-06-30', 'Secado', 21),
(46, 'LP00046', 52, '2025-04-01', '18:30:00', 'Completado', '2025-06-30', 'Almacen', 21),
(47, 'LP00047', 65, '2025-04-01', '18:45:00', 'En proceso', '2025-06-30', 'Moldeado', 22),
(48, 'LP00048', 68, '2025-04-01', '19:00:00', 'Retirado', '2025-06-30', 'Mezclado', 22),
(49, 'LP00049', 83, '2025-04-01', '19:15:00', 'En inspeccion', '2025-06-30', 'Mezclado', 22),
(50, 'LP00050', 92, '2025-04-01', '19:30:00', 'Retirado', '2025-06-30', 'Secado', 23),
(51, 'LP00051', 57, '2025-04-01', '19:45:00', 'Retirado', '2025-06-30', 'Moldeado', 24),
(52, 'LP00052', 77, '2025-04-01', '20:00:00', 'Retirado', '2025-06-30', 'Secado', 24),
(53, 'LP00053', 76, '2025-04-01', '20:15:00', 'En inspeccion', '2025-06-30', 'Dosificado', 24),
(54, 'LP00054', 71, '2025-04-01', '20:30:00', 'Retirado', '2025-06-30', 'Secado', 25),
(55, 'LP00055', 73, '2025-04-01', '20:45:00', 'Retirado', '2025-06-30', 'Moldeado', 25),
(56, 'LP00056', 87, '2025-04-01', '21:00:00', 'En inspeccion', '2025-06-30', 'Dosificado', 26),
(57, 'LP00057', 99, '2025-04-01', '21:15:00', 'En inspeccion', '2025-06-30', 'Envasado', 26),
(58, 'LP00058', 90, '2025-04-01', '21:30:00', 'En proceso', '2025-06-30', 'Moldeado', 26),
(59, 'LP00059', 83, '2025-04-01', '21:45:00', 'En proceso', '2025-06-30', 'Secado', 27),
(60, 'LP00060', 82, '2025-04-01', '22:00:00', 'Completado', '2025-06-30', 'Almacen', 28),
(61, 'LP00061', 84, '2025-04-01', '22:15:00', 'En proceso', '2025-06-30', 'Envasado', 29),
(62, 'LP00062', 79, '2025-04-01', '22:30:00', 'En inspeccion', '2025-06-30', 'Moldeado', 30),
(63, 'LP00063', 68, '2025-04-01', '22:45:00', 'En proceso', '2025-06-30', 'Mezclado', 31),
(64, 'LP00064', 57, '2025-04-01', '23:00:00', 'Retirado', '2025-06-30', 'Moldeado', 31),
(65, 'LP00065', 89, '2025-04-01', '23:15:00', 'En inspeccion', '2025-06-30', 'Secado', 31),
(66, 'LP00066', 64, '2025-04-01', '23:30:00', 'En proceso', '2025-06-30', 'Secado', 32),
(67, 'LP00067', 93, '2025-04-01', '23:45:00', 'Completado', '2025-06-30', 'Almacen', 32),
(68, 'LP00068', 99, '2025-04-02', '00:00:00', 'Completado', '2025-07-01', 'Almacen', 32),
(69, 'LP00069', 99, '2025-04-02', '00:15:00', 'En proceso', '2025-07-01', 'Secado', 33),
(70, 'LP00070', 64, '2025-04-02', '00:30:00', 'Retirado', '2025-07-01', 'Envasado', 33),
(71, 'LP00071', 68, '2025-04-02', '00:45:00', 'Completado', '2025-07-01', 'Almacen', 34),
(72, 'LP00072', 61, '2025-04-02', '01:00:00', 'Completado', '2025-07-01', 'Almacen', 34),
(73, 'LP00073', 75, '2025-04-02', '01:15:00', 'En proceso', '2025-07-01', 'Dosificado', 35),
(74, 'LP00074', 88, '2025-04-02', '01:30:00', 'Completado', '2025-07-01', 'Almacen', 35),
(75, 'LP00075', 52, '2025-04-02', '01:45:00', 'Retirado', '2025-07-01', 'Envasado', 35),
(76, 'LP00076', 100, '2025-04-02', '02:00:00', 'En proceso', '2025-07-01', 'Envasado', 36),
(77, 'LP00077', 71, '2025-04-02', '02:15:00', 'En inspeccion', '2025-07-01', 'Secado', 36),
(78, 'LP00078', 99, '2025-04-02', '02:30:00', 'En proceso', '2025-07-01', 'Dosificado', 36),
(79, 'LP00079', 82, '2025-04-02', '02:45:00', 'Completado', '2025-07-01', 'Almacen', 37),
(80, 'LP00080', 71, '2025-04-02', '03:00:00', 'Completado', '2025-07-01', 'Almacen', 37),
(81, 'LP00081', 66, '2025-04-02', '03:15:00', 'Completado', '2025-07-01', 'Almacen', 37),
(82, 'LP00082', 96, '2025-04-02', '03:30:00', 'En inspeccion', '2025-07-01', 'Secado', 38),
(83, 'LP00083', 70, '2025-04-02', '03:45:00', 'En proceso', '2025-07-01', 'Moldeado', 38),
(84, 'LP00084', 59, '2025-04-02', '04:00:00', 'En proceso', '2025-07-01', 'Dosificado', 39),
(85, 'LP00085', 69, '2025-04-02', '04:15:00', 'Retirado', '2025-07-01', 'Secado', 39),
(86, 'LP00086', 78, '2025-04-02', '04:30:00', 'Retirado', '2025-07-01', 'Dosificado', 40),
(87, 'LP00087', 83, '2025-04-02', '04:45:00', 'Completado', '2025-07-01', 'Almacen', 41),
(88, 'LP00088', 56, '2025-04-02', '05:00:00', 'En proceso', '2025-07-01', 'Mezclado', 41),
(89, 'LP00089', 95, '2025-04-02', '05:15:00', 'Completado', '2025-07-01', 'Almacen', 42),
(90, 'LP00090', 100, '2025-04-02', '05:30:00', 'En inspeccion', '2025-07-01', 'Envasado', 43),
(91, 'LP00091', 69, '2025-04-02', '05:45:00', 'En inspeccion', '2025-07-01', 'Envasado', 43),
(92, 'LP00092', 52, '2025-04-02', '06:00:00', 'Retirado', '2025-07-01', 'Dosificado', 44),
(93, 'LP00093', 86, '2025-04-02', '06:15:00', 'Retirado', '2025-07-01', 'Moldeado', 45),
(94, 'LP00094', 77, '2025-04-02', '06:30:00', 'En inspeccion', '2025-07-01', 'Secado', 46),
(95, 'LP00095', 76, '2025-04-02', '06:45:00', 'En inspeccion', '2025-07-01', 'Dosificado', 46),
(96, 'LP00096', 95, '2025-04-02', '07:00:00', 'Retirado', '2025-07-01', 'Mezclado', 47),
(97, 'LP00097', 94, '2025-04-02', '07:15:00', 'Retirado', '2025-07-01', 'Mezclado', 47),
(98, 'LP00098', 73, '2025-04-02', '07:30:00', 'Retirado', '2025-07-01', 'Dosificado', 48),
(99, 'LP00099', 57, '2025-04-02', '07:45:00', 'Retirado', '2025-07-01', 'Secado', 48),
(100, 'LP00100', 93, '2025-04-02', '08:00:00', 'En inspeccion', '2025-07-01', 'Mezclado', 48);

insert into DetallesEntrega (id_reg_ent, id_lote_producto, cant_entregada, cant_observada, tipo_incidencia) values
(1, 1, 9, 0, 'NN'),
(2, 2, 9, 5, 'PD'),
(2, 3, 10, 2, 'FE'),
(3, 4, 10, 5, 'PD'),
(4, 5, 5, 0, 'NN'),
(4, 6, 6, 0, 'NN'),
(5, 7, 10, 4, 'PD'),
(5, 8, 13, 5, 'OT'),
(6, 9, 13, 0, 'NN'),
(6, 10, 14, 0, 'NN'),
(7, 11, 8, 0, 'NN'),
(7, 12, 15, 0, 'NN'),
(8, 13, 15, 0, 'NN'),
(9, 14, 15, 0, 'NN'),
(10, 15, 15, 0, 'NN'),
(10, 16, 13, 0, 'NN'),
(11, 17, 12, 0, 'NN'),
(11, 18, 9, 0, 'NN'),
(12, 19, 10, 0, 'NN'),
(12, 20, 15, 0, 'NN'),
(13, 21, 13, 0, 'NN'),
(14, 22, 12, 0, 'NN'),
(14, 23, 6, 0, 'NN'),
(15, 24, 9, 5, 'OT'),
(15, 25, 9, 3, 'ED'),
(16, 26, 12, 0, 'NN'),
(17, 27, 10, 0, 'NN'),
(18, 28, 10, 1, 'PQ'),
(19, 29, 10, 2, 'FE'),
(19, 30, 12, 2, 'PD'),
(20, 31, 11, 0, 'NN'),
(20, 32, 11, 0, 'NN'),
(21, 33, 12, 4, 'FE'),
(21, 34, 9, 5, 'FE'),
(22, 35, 10, 0, 'NN'),
(22, 36, 8, 0, 'NN'),
(23, 37, 6, 0, 'NN'),
(24, 38, 6, 0, 'NN'),
(24, 39, 11, 0, 'NN'),
(25, 40, 11, 5, 'FE'),
(25, 41, 10, 5, 'PD'),
(26, 42, 10, 5, 'FE'),
(27, 43, 2, 1, 'ED'),
(27, 44, 5, 4, 'PD'),
(28, 45, 6, 0, 'NN'),
(29, 46, 7, 5, 'OT'),
(30, 47, 7, 1, 'OT'),
(31, 48, 13, 0, 'NN'),
(31, 49, 15, 0, 'NN'),
(32, 50, 12, 0, 'NN'),
(32, 51, 9, 0, 'NN'),
(33, 52, 9, 0, 'NN'),
(33, 53, 14, 0, 'NN'),
(34, 54, 14, 0, 'NN'),
(35, 55, 5, 0, 'NN'),
(36, 56, 13, 0, 'NN'),
(37, 57, 12, 0, 'NN'),
(38, 58, 6, 0, 'NN'),
(39, 59, 8, 0, 'NN'),
(39, 60, 14, 0, 'NN'),
(40, 61, 10, 0, 'NN'),
(41, 62, 8, 0, 'NN'),
(42, 63, 15, 0, 'NN'),
(42, 64, 13, 0, 'NN'),
(43, 65, 6, 0, 'NN'),
(44, 66, 6, 0, 'NN'),
(45, 67, 10, 0, 'NN'),
(45, 68, 11, 0, 'NN'),
(46, 69, 11, 4, 'ED'),
(46, 70, 12, 1, 'ED'),
(47, 71, 15, 0, 'NN'),
(48, 72, 15, 0, 'NN'),
(49, 73, 14, 1, 'PQ'),
(49, 74, 15, 3, 'OT'),
(50, 75, 6, 1, 'ED'),
(50, 76, 6, 4, 'ED'),
(51, 77, 9, 0, 'NN'),
(52, 78, 8, 0, 'NN'),
(53, 79, 10, 0, 'NN'),
(53, 80, 9, 0, 'NN'),
(54, 81, 8, 0, 'NN'),
(55, 82, 13, 0, 'NN'),
(56, 83, 7, 0, 'NN'),
(57, 84, 8, 4, 'OT'),
(57, 85, 6, 3, 'ED'),
(58, 86, 14, 0, 'NN'),
(59, 87, 6, 0, 'NN'),
(60, 88, 11, 0, 'NN'),
(61, 89, 14, 0, 'NN'),
(62, 90, 11, 0, 'NN'),
(63, 91, 12, 0, 'NN'),
(64, 92, 15, 0, 'NN'),
(65, 93, 9, 0, 'NN'),
(66, 94, 6, 0, 'NN'),
(67, 95, 13, 0, 'NN'),
(68, 96, 6, 0, 'NN'),
(69, 97, 6, 4, 'PD'),
(69, 98, 14, 4, 'FE'),
(70, 99, 7, 4, 'ED'),
(70, 100, 6, 3, 'PD');

INSERT INTO InspeccionesProceso (id_inspeccion_proceso) VALUES
(1),
(2),
(3),
(4),
(5),
(6),
(7),
(8),
(9),
(10),
(11),
(12),
(13),
(14),
(15);

INSERT INTO TiposMaquina (id_tipo_maquina, cod_tipo_maquina, nombre, marca, modelo, etapa_produccion) VALUES
(1, 'TM00001', 'Mezcladora industrial', 'Hitachi', 'S450', 'Mezclado'),
(2, 'TM00002', 'Moldeadora hidráulica', 'Panasonic', 'S450', 'Moldeado'),
(3, 'TM00003', 'Horno de secado', 'Siemens', 'Q7', 'Secado'),
(4, 'TM00004', 'Mezcladora de alta velocidad', 'Siemens', 'HX22', 'Mezclado'),
(5, 'TM00005', 'Moldeadora rotativa', 'Siemens', 'S450', 'Moldeado'),
(6, 'TM00006', 'Secadora por convección', 'Philips', 'HX22', 'Secado'),
(7, 'TM00007', 'Mezcladora planetaria', 'Philips', 'M300', 'Mezclado'),
(8, 'TM00008', 'Moldeadora neumática', 'Siemens', 'S450', 'Moldeado'),
(9, 'TM00009', 'Secadora al vacío', 'Hitachi', 'HX22', 'Secado'),
(10, 'TM00010', 'Mezcladora continua', 'Panasonic', 'M300', 'Mezclado');

INSERT INTO EjemplaresMaquina (id_ejemplar_maquina,cod_ejemplar_maquina,fecha_instalacion,estado,fecha_ultimo_mantenimiento,plan_mantenimiento,id_tipo_maquina) VALUES
(1, 'MQ00001', '2022-06-15', 'Operativo', '2024-12-12', 31, 4),
(2, 'MQ00002', '2023-02-28', 'En mantenimiento', '2024-11-20', 29, 7),
(3, 'MQ00003', '2021-08-03', 'Operativo', '2024-10-05', 37, 2),
(4, 'MQ00004', '2023-12-01', 'Fuera de servicio', '2025-01-10', 26, 1),
(5, 'MQ00005', '2022-04-10', 'Operativo', '2023-09-17', 35, 9),
(6, 'MQ00006', '2023-01-25', 'En mantenimiento', '2024-06-22', 21, 6),
(7, 'MQ00007', '2020-11-13', 'Operativo', '2024-03-03', 38, 10),
(8, 'MQ00008', '2021-05-19', 'Fuera de servicio', '2023-12-30', 24, 3),
(9, 'MQ00009', '2022-09-10', 'Operativo', '2024-09-01', 40, 8),
(10, 'MQ00010', '2023-03-11', 'En mantenimiento', '2025-03-10', 30, 2),
(11, 'MQ00011', '2022-07-12', 'Operativo', '2024-08-18', 34, 5),
(12, 'MQ00012', '2021-12-05', 'Fuera de servicio', '2023-11-11', 28, 7),
(13, 'MQ00013', '2023-04-04', 'Operativo', '2024-12-01', 25, 9),
(14, 'MQ00014', '2022-10-10', 'En mantenimiento', '2024-10-15', 32, 4),
(15, 'MQ00015', '2020-06-01', 'Operativo', '2022-09-05', 39, 1),
(16, 'MQ00016', '2021-03-08', 'Fuera de servicio', '2023-05-29', 22, 6),
(17, 'MQ00017', '2023-08-09', 'Operativo', '2024-11-13', 31, 10),
(18, 'MQ00018', '2022-01-14', 'En mantenimiento', '2024-07-23', 27, 3),
(19, 'MQ00019', '2021-06-11', 'Fuera de servicio', '2023-03-20', 23, 5),
(20, 'MQ00020', '2020-10-01', 'Operativo', '2022-10-10', 36, 8),
(21, 'MQ00021', '2023-07-07', 'En mantenimiento', '2025-02-01', 34, 2),
(22, 'MQ00022', '2022-11-30', 'Operativo', '2024-12-05', 29, 6),
(23, 'MQ00023', '2021-09-15', 'Fuera de servicio', '2023-06-22', 21, 10),
(24, 'MQ00024', '2023-05-22', 'Operativo', '2024-09-25', 40, 4),
(25, 'MQ00025', '2022-03-02', 'En mantenimiento', '2024-08-02', 30, 7),
(26, 'MQ00026', '2021-07-14', 'Fuera de servicio', '2023-07-09', 22, 1),
(27, 'MQ00027', '2023-09-20', 'Operativo', '2025-04-01', 33, 9),
(28, 'MQ00028', '2020-12-25', 'En mantenimiento', '2023-11-30', 35, 3),
(29, 'MQ00029', '2021-10-18', 'Fuera de servicio', '2023-10-12', 28, 8),
(30, 'MQ00030', '2023-06-06', 'Operativo', '2024-10-30', 38, 5),
(31, 'MQ00031', '2022-08-29', 'En mantenimiento', '2024-07-12', 26, 10),
(32, 'MQ00032', '2021-01-17', 'Operativo', '2023-02-18', 24, 2),
(33, 'MQ00033', '2020-05-20', 'Fuera de servicio', '2022-07-01', 37, 4),
(34, 'MQ00034', '2023-11-05', 'En mantenimiento', '2025-03-25', 36, 6),
(35, 'MQ00035', '2022-12-12', 'Operativo', '2024-11-01', 25, 7),
(36, 'MQ00036', '2021-04-30', 'Fuera de servicio', '2023-08-15', 23, 1),
(37, 'MQ00037', '2023-02-19', 'Operativo', '2025-01-20', 39, 10),
(38, 'MQ00038', '2022-05-05', 'En mantenimiento', '2024-10-01', 31, 3),
(39, 'MQ00039', '2021-11-11', 'Fuera de servicio', '2023-10-18', 21, 5),
(40, 'MQ00040', '2020-09-09', 'Operativo', '2022-08-20', 32, 8),
(41, 'MQ00041', '2023-10-10', 'En mantenimiento', '2025-03-01', 27, 9),
(42, 'MQ00042', '2022-02-14', 'Operativo', '2024-06-06', 33, 2),
(43, 'MQ00043', '2021-02-18', 'Fuera de servicio', '2023-04-12', 34, 4),
(44, 'MQ00044', '2023-01-01', 'Operativo', '2024-12-20', 28, 6),
(45, 'MQ00045', '2022-06-21', 'En mantenimiento', '2024-09-10', 36, 7),
(46, 'MQ00046', '2021-08-08', 'Fuera de servicio', '2023-05-01', 30, 1),
(47, 'MQ00047', '2020-07-14', 'Operativo', '2022-05-15', 26, 10),
(48, 'MQ00048', '2023-03-03', 'En mantenimiento', '2025-02-10', 38, 3),
(49, 'MQ00049', '2022-09-25', 'Fuera de servicio', '2024-10-10', 24, 5),
(50, 'MQ00050', '2021-06-30', 'Operativo', '2023-12-01', 40, 8),
(51, 'MQ00051', '2023-08-01', 'En mantenimiento', '2024-12-10', 27, 2),
(52, 'MQ00052', '2020-04-18', 'Fuera de servicio', '2022-06-30', 22, 4),
(53, 'MQ00053', '2023-05-15', 'Operativo', '2025-01-15', 35, 6),
(54, 'MQ00054', '2022-11-17', 'En mantenimiento', '2024-11-11', 29, 9),
(55, 'MQ00055', '2021-03-29', 'Fuera de servicio', '2023-07-20', 31, 1),
(56, 'MQ00056', '2020-10-23', 'Operativo', '2022-11-25', 23, 10),
(57, 'MQ00057', '2023-06-20', 'En mantenimiento', '2025-02-20', 32, 3),
(58, 'MQ00058', '2022-03-13', 'Fuera de servicio', '2024-09-30', 25, 5),
(59, 'MQ00059', '2021-05-01', 'Operativo', '2023-06-01', 37, 8),
(60, 'MQ00060', '2023-09-01', 'En mantenimiento', '2025-03-15', 39, 7);

INSERT INTO SolicitudesMantenimiento (id_solicitud_mantenimiento, cod_solicitud_mantenimiento, fecha_solicitud, hora_solicitud, fecha_requerida, tipo_mantenimiento, estado, id_ejemplar_maquina, id_inspeccion_proceso ) VALUES
(1,  'SM0001',  '2025-04-01', '08:15:00', '2025-04-05', 'Preventivo',     'Pendiente',      12, 1),
(2,  'SM0002',  '2025-04-02', '09:00:00', '2025-04-06', 'Correctivo',     'Atendida',       45, 1),
(3,  'SM0003',  '2025-04-03', '10:30:00', '2025-04-07', 'Preventivo',     'Con retraso',    8,  2),
(4,  'SM0004',  '2025-04-04', '07:45:00', '2025-04-08', 'Correctivo',     'Pendiente',      23, 3),
(5,  'SM0005',  '2025-04-05', '11:15:00', '2025-04-09', 'Preventivo',     'Con retraso',    37, 3),
(6,  'SM0006',  '2025-04-06', '13:00:00', '2025-04-10', 'Correctivo',     'Atendida',       19, 3),
(7,  'SM0007',  '2025-04-07', '08:45:00', '2025-04-11', 'Correctivo',     'Pendiente',      41, 4),
(8,  'SM0008',  '2025-04-08', '09:30:00', '2025-04-12', 'Preventivo',     'Atendida',       7,  4),
(9,  'SM0009',  '2025-04-09', '10:15:00', '2025-04-13', 'Correctivo',     'Con retraso',    53, 4),
(10, 'SM0010',  '2025-04-10', '14:00:00', '2025-04-14', 'Preventivo',     'Pendiente',      2,  4),
(11, 'SM0011',  '2025-04-11', '07:00:00', '2025-04-15', 'Correctivo',     'Con retraso',    16, 5),
(12, 'SM0012',  '2025-04-12', '08:10:00', '2025-04-16', 'Preventivo',     'Pendiente',      30, 5),
(13, 'SM0013',  '2025-04-13', '09:20:00', '2025-04-17', 'Correctivo',     'Atendida',       49, 5),
(14, 'SM0014',  '2025-04-14', '10:40:00', '2025-04-18', 'Correctivo',     'Pendiente',      5,  5),
(15, 'SM0015',  '2025-04-15', '11:50:00', '2025-04-19', 'Preventivo',     'Con retraso',    28, 6),
(16, 'SM0016',  '2025-04-16', '13:20:00', '2025-04-20', 'Correctivo',     'Atendida',       60, 6),
(17, 'SM0017',  '2025-04-17', '14:30:00', '2025-04-21', 'Preventivo',     'Pendiente',      33, 6),
(18, 'SM0018',  '2025-04-18', '15:45:00', '2025-04-22', 'Correctivo',     'Pendiente',      11, 6),
(19, 'SM0019',  '2025-04-19', '08:25:00', '2025-04-23', 'Correctivo',     'Atendida',       39, 7),
(20, 'SM0020',  '2025-04-20', '09:35:00', '2025-04-24', 'Preventivo',     'Con retraso',    1,  7),
(21, 'SM0021',  '2025-04-21', '10:45:00', '2025-04-25', 'Correctivo',     'Pendiente',      17, 7),
(22, 'SM0022',  '2025-04-22', '12:00:00', '2025-04-26', 'Preventivo',     'Atendida',       42, 7),
(23, 'SM0023',  '2025-04-23', '13:10:00', '2025-04-27', 'Correctivo',     'Pendiente',      26, 8),
(24, 'SM0024',  '2025-04-24', '14:20:00', '2025-04-28', 'Preventivo',     'Pendiente',      9,  8),
(25, 'SM0025',  '2025-04-25', '07:55:00', '2025-04-29', 'Correctivo',     'Con retraso',    52, 8),
(26, 'SM0026',  '2025-04-26', '09:05:00', '2025-04-30', 'Preventivo',     'Atendida',       21, 8),
(27, 'SM0027',  '2025-04-27', '10:15:00', '2025-05-01', 'Correctivo',     'Pendiente',      36, 9),
(28, 'SM0028',  '2025-04-28', '11:25:00', '2025-05-02', 'Preventivo',     'Atendida',       44, 9),
(29, 'SM0029',  '2025-04-29', '12:35:00', '2025-05-03', 'Correctivo',     'Pendiente',      14, 9),
(30, 'SM0030',  '2025-04-30', '13:45:00', '2025-05-04', 'Preventivo',     'Con retraso',    32, 9);

INSERT INTO OrdenesMantenimiento (id_orden_mantenimiento, cod_orden_mantenimiento, fecha_emision, hora_emision, fecha_fin_estimada, fecha_finalizacion, estado, id_empleado) VALUES
(1,  'OM00001', '2025-04-01', '08:15:00', '2025-04-05', '2025-04-05', 'Completado',      12),
(2,  'OM00002', '2025-04-02', '09:00:00', '2025-04-06', NULL,         'En proceso',      45),
(3,  'OM00003', '2025-04-03', '10:30:00', '2025-04-07', '2025-04-08', 'Con retraso',     8),
(4,  'OM00004', '2025-04-04', '07:45:00', '2025-04-08', '2025-04-07', 'Completado',      23),
(5,  'OM00005', '2025-04-05', '11:15:00', '2025-04-09', NULL,         'En proceso',      37),
(6,  'OM00006', '2025-04-06', '13:00:00', '2025-04-10', '2025-04-10', 'Completado',      19),
(7,  'OM00007', '2025-04-07', '08:45:00', '2025-04-11', '2025-04-13', 'Con retraso',     41),
(8,  'OM00008', '2025-04-08', '09:30:00', '2025-04-12', NULL,         'Con retraso',     7),
(9,  'OM00009', '2025-04-09', '10:15:00', '2025-04-13', '2025-04-12', 'Completado',      53),
(10, 'OM00010', '2025-04-10', '14:00:00', '2025-04-14', NULL,         'En proceso',      2),
(11, 'OM00011', '2025-04-11', '07:00:00', '2025-04-15', '2025-04-16', 'Con retraso',     16),
(12, 'OM00012', '2025-04-12', '08:10:00', '2025-04-16', '2025-04-15', 'Completado',      30),
(13, 'OM00013', '2025-04-13', '09:20:00', '2025-04-17', NULL,         'Con retraso',     49),
(14, 'OM00014', '2025-04-14', '10:40:00', '2025-04-18', '2025-04-18', 'Completado',      5),
(15, 'OM00015', '2025-04-15', '11:50:00', '2025-04-19', NULL,         'En proceso',      28),
(16, 'OM00016', '2025-04-16', '13:20:00', '2025-04-20', '2025-04-20', 'Completado',      60),
(17, 'OM00017', '2025-04-17', '14:30:00', '2025-04-21', NULL,         'En proceso',      33),
(18, 'OM00018', '2025-04-18', '15:45:00', '2025-04-22', '2025-04-25', 'Con retraso',     11),
(19, 'OM00019', '2025-04-19', '08:25:00', '2025-04-23', '2025-04-23', 'Completado',      39),
(20, 'OM00020', '2025-04-20', '09:35:00', '2025-04-24', NULL,         'En proceso',      1),
(21, 'OM00021', '2025-04-21', '10:45:00', '2025-04-25', '2025-04-26', 'Con retraso',     17),
(22, 'OM00022', '2025-04-22', '12:00:00', '2025-04-26', '2025-04-25', 'Completado',      42),
(23, 'OM00023', '2025-04-23', '13:10:00', '2025-04-27', NULL,         'En proceso',      26),
(24, 'OM00024', '2025-04-24', '14:20:00', '2025-04-28', NULL,         'Con retraso',     9),
(25, 'OM00025', '2025-04-25', '07:55:00', '2025-04-29', '2025-04-28', 'Completado',      52),
(26, 'OM00026', '2025-04-26', '09:05:00', '2025-04-30', '2025-04-29', 'Completado',      21),
(27, 'OM00027', '2025-04-27', '10:15:00', '2025-05-01', NULL,         'Con retraso',     36),
(28, 'OM00028', '2025-04-28', '11:25:00', '2025-05-02', '2025-05-01', 'Completado',      44),
(29, 'OM00029', '2025-04-29', '12:35:00', '2025-05-03', NULL,         'En proceso',      14),
(30, 'OM00030', '2025-04-30', '13:45:00', '2025-05-04', '2025-05-06', 'Con retraso',     32);

INSERT INTO Dosificados (id_dosificado, cod_dosificado, numero_batch, fecha_proceso, tiempo_proceso, estado,id_lote_producto, id_empleado
) VALUES
(1,'DS440793',1,'2024-12-07 17:57:40',115,'Retirado',1,34),
(2,'DS598481',1,'2024-08-13 16:14:07',272,'Retirado',2,27),
(3,'DS838526',1,'2025-02-14 16:23:04',298,'En proceso',3,39),
(4,'DS133865',1,'2024-05-20 12:10:59',698,'Retirado',4,16),
(5,'DS847532',1,'2025-03-26 12:49:58',417,'En inspeccion',5,33),
(6,'DS317979',1,'2024-09-09 16:13:14',176,'En proceso',6,26),
(7,'DS051005',1,'2024-10-14 10:41:59',293,'Retirado',7,12),
(8,'DS870679',1,'2025-04-05 10:56:07',575,'Retirado',8,21),
(9,'DS003528',1,'2024-11-23 11:43:15',812,'En inspeccion',9,18),
(10,'DS560024',1,'2024-07-06 17:11:16',400,'Retirado',10,50),
(11,'DS262093',1,'2024-12-21 15:21:38',853,'En proceso',11,40),
(12,'DS582491',1,'2024-09-10 16:47:37',152,'En inspeccion',12,1),
(13,'DS641189',1,'2024-11-12 12:16:02',491,'En proceso',13,24),
(14,'DS178802',1,'2024-05-30 14:52:07',467,'Completado',14,12),
(15,'DS028480',1,'2024-09-29 10:52:18',299,'En proceso',15,31),
(16,'DS373221',1,'2025-02-26 15:03:48',918,'En inspeccion',16,36),
(17,'DS099874',1,'2024-08-07 14:48:33',108,'En proceso',17,4),
(18,'DS929742',1,'2024-12-12 11:40:27',878,'Retirado',18,1),
(19,'DS197648',1,'2024-05-25 15:09:58',600,'Retirado',19,25),
(20,'DS369287',1,'2024-07-14 12:11:39',670,'Retirado',20,3),
(21,'DS287302',1,'2024-07-02 13:27:43',324,'Retirado',21,26),
(22,'DS854166',1,'2025-02-16 10:29:00',153,'En inspeccion',22,41),
(23,'DS915767',1,'2024-07-25 15:50:21',474,'En inspeccion',23,36),
(24,'DS578294',1,'2024-05-20 14:20:19',610,'En proceso',24,31),
(25,'DS832704',1,'2025-02-07 14:34:52',448,'En inspeccion',25,20),
(26,'DS496569',1,'2024-08-28 16:55:14',780,'En inspeccion',26,41),
(27,'DS273861',1,'2024-05-12 17:27:26',335,'Completado',27,22),
(28,'DS621132',1,'2024-09-19 13:57:45',279,'En inspeccion',28,25),
(29,'DS737964',1,'2024-08-02 17:40:56',862,'Completado',29,44),
(30,'DS307588',1,'2025-03-01 16:45:30',956,'Completado',30,17),
(31,'DS708286',1,'2024-11-18 14:30:08',626,'Completado',31,24),
(32,'DS492985',1,'2024-07-13 12:06:42',815,'En proceso',32,16),
(33,'DS750289',1,'2024-08-17 13:44:24',920,'Completado',33,46),
(34,'DS979134',1,'2025-03-11 16:49:10',765,'Completado',34,19),
(35,'DS017243',1,'2024-06-13 13:06:53',411,'En inspeccion',35,32),
(36,'DS298458',1,'2024-09-07 13:56:17',918,'En proceso',36,36),
(37,'DS829364',1,'2025-02-22 13:40:46',602,'Retirado',37,14),
(38,'DS146573',1,'2025-04-08 10:48:11',915,'En proceso',38,37),
(39,'DS133697',1,'2024-05-05 16:54:28',141,'En proceso',39,41),
(40,'DS810366',1,'2024-12-09 11:36:05',993,'Completado',40,7),
(41,'DS239113',1,'2024-08-18 14:02:51',168,'En proceso',41,16),
(42,'DS824476',1,'2025-04-25 11:46:23',364,'En proceso',42,21),
(43,'DS364290',1,'2024-10-27 17:50:04',123,'Completado',43,21),
(44,'DS746051',1,'2025-02-01 16:11:36',874,'Retirado',44,48),
(45,'DS758229',1,'2024-07-22 13:15:19',760,'Retirado',45,26),
(46,'DS679542',1,'2024-06-19 11:17:17',979,'En proceso',46,9),
(47,'DS125918',1,'2024-08-03 14:05:12',392,'En proceso',47,1),
(48,'DS035576',1,'2024-06-17 12:22:01',785,'En inspeccion',48,2),
(49,'DS723266',1,'2024-12-05 13:53:22',133,'Completado',49,23),
(50,'DS309736',1,'2024-06-16 11:35:29',677,'Completado',50,41);

INSERT INTO DosificadosXLotesInsumo (id_dosificado,id_lote_insumo,cantidad_dosificada
) VALUES
(1,1,15.2),
(1,2,24.5),
(1,3,30.4),
(2,2,24.9),
(2,3,37.2),
(2,6,32.4),
(3,4,27.6),
(3,3,26.9),
(3,6,14.5),
(4,1,27.7),
(4,2,27.8),
(4,3,28.8),
(5,2,12.6),
(5,3,20.7),
(5,6,23.5),
(6,4,25.1),
(6,3,37.8),
(6,6,24.6),
(7,1,39.5),
(7,2,17.5),
(7,3,13.6),
(8,2,24.9),
(8,3,28.4),
(8,6,20.1),
(9,4,11.2),
(9,3,21.5),
(9,6,31.5),
(10,1,12.3),
(10,2,12.3),
(10,3,34),
(11,2,22.3),
(11,3,31.4),
(11,6,18.9),
(12,4,19.6),
(12,3,14.2),
(12,6,37),
(13,1,20.1),
(13,2,33.8),
(13,3,11.8),
(14,2,17.4),
(14,3,29.2),
(14,6,28.6),
(15,4,38.3),
(15,3,38.2),
(15,6,14.5),
(16,1,22.1),
(16,2,36.2),
(16,3,39.9),
(17,2,27.4),
(17,3,11.1),
(17,6,16.2),
(18,4,10.7),
(18,3,25.5),
(18,6,14.3),
(19,1,28),
(19,2,15.4),
(19,3,28.5),
(20,2,16.7),
(20,3,18.5),
(20,6,23.7),
(21,4,34.1),
(21,3,21.2),
(21,6,27.7),
(22,1,10.3),
(22,2,39.6),
(22,3,37.5),
(23,2,17.3),
(23,3,17.7),
(23,6,19.4),
(24,4,25.9),
(24,3,22.4),
(24,6,18.9),
(25,1,13.7),
(25,2,27.9),
(25,3,37.5),
(26,2,18.5),
(26,3,18.9),
(26,6,35.3),
(27,4,27.2),
(27,3,28.8),
(27,6,15.4),
(28,1,34.9),
(28,2,39),
(28,3,31.3),
(29,2,26.4),
(29,3,12.3),
(29,6,21.3),
(30,4,37.8),
(30,3,35.5),
(30,6,30.9),
(31,1,14),
(31,2,27),
(31,3,23.1),
(32,2,13.3),
(32,3,27.4),
(32,6,17.3),
(33,4,16.4),
(33,3,36.7),
(33,6,10.5),
(34,1,11.9),
(34,2,14.8),
(34,3,13.6),
(35,2,24.3),
(35,3,37.2),
(35,6,37.5),
(36,4,29.2),
(36,3,22.8),
(36,6,18.7),
(37,1,20.4),
(37,2,21.4),
(37,3,39.8),
(38,2,21.7),
(38,3,36.1),
(38,6,28),
(39,4,17.2),
(39,3,36.3),
(39,6,14.4),
(40,1,24),
(40,2,32.9),
(40,3,23.8),
(41,2,31.1),
(41,3,13.1),
(41,6,18.4),
(42,4,14.4),
(42,3,11.6),
(42,6,35.2),
(43,1,28.5),
(43,2,29.7),
(43,3,39.5),
(44,2,17.4),
(44,3,35.3),
(44,6,34.7),
(45,4,12.3),
(45,3,39.2),
(45,6,27.3),
(46,1,30.7),
(46,2,19.6),
(46,3,23.8),
(47,2,27.6),
(47,3,35.6),
(47,6,27.1),
(48,4,22),
(48,3,24.3),
(48,6,20.7),
(49,1,29.6),
(49,2,14.7),
(49,3,29.6),
(50,2,38.4),
(50,3,38.4),
(50,6,34.1);

INSERT INTO ProcesosRecurrente (id_proceso_recurrente,numero_batch,fecha_proceso,tiempo_proceso,peso_inicial,merma,estado, id_lote_producto
) VALUES
(1,1,'2024-12-26 13:21:43',547,3439.4,4845.3,'Retirado',1),
(2,2,'2024-12-26 10:03:16',462,4529.7,1061.9,'Completado',1),
(3,3,'2024-12-26 13:37:21',289,1122.9,4292.4,'Retirado',1),
(4,4,'2024-12-26 14:53:43',423,4773.6,1155,'Retirado',1),
(5,5,'2024-12-26 10:55:49',559,8696.7,3992.9,'En proceso',1),
(6,1,'2024-12-26 16:44:30',341,8921.9,8024.5,'Completado',1),
(7,2,'2024-12-26 12:24:43',425,8800.5,1783.3,'En proceso',1),
(8,3,'2024-12-26 16:21:26',860,6713.3,3362.7,'Completado',1),
(9,4,'2024-12-26 11:50:21',764,8051.7,9045.9,'En proceso',1),
(10,5,'2024-12-26 17:04:14',604,6045.2,8470.6,'En inspeccion',1),
(11,1,'2024-12-26 17:04:25',717,8053.3,4113.4,'En proceso',1),
(12,2,'2024-12-26 16:16:22',390,2825.9,8953.1,'Retirado',1),
(13,3,'2024-12-26 16:52:19',629,3210,6372.7,'En proceso',1),
(14,4,'2024-12-26 14:11:16',311,8417.5,3166.3,'Completado',1),
(15,5,'2024-12-26 13:43:19',881,8814.6,1455.3,'En proceso',1),
(16,1,'2024-12-27 12:19:19',225,7213.4,9375.3,'Completado',2),
(17,2,'2024-12-27 13:21:22',415,4222.3,1794.8,'Completado',2),
(18,3,'2024-12-27 16:27:54',145,8489.8,5703.8,'En proceso',2),
(19,4,'2024-12-27 14:54:33',397,5965.9,5521.6,'Completado',2),
(20,5,'2024-12-27 11:34:19',759,8678.4,4108.7,'En proceso',2),
(21,1,'2024-12-27 15:58:21',157,1439.6,9994.7,'En proceso',2),
(22,2,'2024-12-27 17:52:22',112,9386,5029.7,'Retirado',2),
(23,3,'2024-12-27 15:28:44',846,1423.1,4523.2,'En inspeccion',2),
(24,4,'2024-12-27 12:04:46',783,7344.4,4207.9,'En inspeccion',2),
(25,5,'2024-12-27 16:23:39',179,2608.9,1584.2,'En inspeccion',2),
(26,1,'2024-12-27 14:01:60',781,7668.1,6017.5,'Retirado',2),
(27,2,'2024-12-27 11:52:44',504,9541.3,1716.4,'En inspeccion',2),
(28,3,'2024-12-27 15:41:31',212,9577.4,3113,'En inspeccion',2),
(29,4,'2024-12-27 15:35:35',134,4934.2,2317,'Retirado',2),
(30,5,'2024-12-27 13:59:56',730,5499.7,7665.1,'Completado',2),
(31,1,'2024-12-28 10:14:54',830,3104.2,1813.2,'Completado',3),
(32,2,'2024-12-28 12:38:51',963,8000,4613.7,'Retirado',3),
(33,3,'2024-12-28 15:39:52',115,7682.5,7905.5,'En inspeccion',3),
(34,4,'2024-12-28 10:15:52',306,8382,6577.5,'En proceso',3),
(35,5,'2024-12-28 10:07:45',924,6515.2,4993.2,'En proceso',3),
(36,1,'2024-12-28 10:34:26',727,6199,8441.1,'Retirado',3),
(37,2,'2024-12-28 15:21:13',291,4384.4,2072.5,'Retirado',3),
(38,3,'2024-12-28 16:33:15',333,9791.2,1930.3,'Retirado',3),
(39,4,'2024-12-28 16:32:34',936,6999.3,3206.1,'En proceso',3),
(40,5,'2024-12-28 10:32:31',724,2508.7,9769.7,'Retirado',3),
(41,1,'2024-12-28 10:43:18',133,6959.4,3708.7,'Completado',3),
(42,2,'2024-12-28 14:56:46',586,9011.9,3344,'En inspeccion',3),
(43,3,'2024-12-28 11:45:27',621,7560.3,6304.5,'Retirado',3),
(44,4,'2024-12-28 14:11:35',406,8415.6,6837.6,'En proceso',3),
(45,5,'2024-12-28 16:53:32',851,7219.6,1935.7,'En inspeccion',3),
(46,1,'2024-12-29 12:54:13',547,4063.4,7996.4,'En inspeccion',4),
(47,2,'2024-12-29 13:28:50',534,1266.4,3728.7,'En proceso',4),
(48,3,'2024-12-29 15:10:10',249,5589.7,6006.7,'En inspeccion',4),
(49,4,'2024-12-29 16:52:17',773,6378.5,4094.9,'En inspeccion',4),
(50,5,'2024-12-29 10:58:10',714,3869.6,4242.4,'Completado',4),
(51,1,'2024-12-29 14:48:15',352,5498.4,5254.6,'Completado',4),
(52,2,'2024-12-29 15:44:24',276,5297.2,9445,'En proceso',4),
(53,3,'2024-12-29 13:30:13',196,6919.3,6997.5,'Retirado',4),
(54,4,'2024-12-29 11:49:38',905,9849.8,1415.1,'En inspeccion',4),
(55,5,'2024-12-29 14:39:43',131,5325.7,9531.9,'En proceso',4),
(56,1,'2024-12-29 12:48:18',252,3266.1,6223.2,'Retirado',4),
(57,2,'2024-12-29 11:29:40',805,9154.1,7104.9,'En proceso',4),
(58,3,'2024-12-29 11:18:34',524,7920.9,2294,'En proceso',4),
(59,4,'2024-12-29 16:51:13',744,3007.4,4076.2,'Completado',4),
(60,5,'2024-12-29 10:49:60',638,9829.2,7461.1,'En proceso',4),
(61,1,'2024-10-30 11:19:35',601,1404.5,5027.2,'Retirado',5),
(62,2,'2024-10-30 14:57:29',281,7205.9,6658.5,'Retirado',5),
(63,3,'2024-10-30 15:36:32',718,5496.2,3286.7,'Completado',5),
(64,4,'2024-10-30 12:23:28',707,5632.8,4105.2,'En inspeccion',5),
(65,5,'2024-10-30 16:47:46',326,1890.1,4541.1,'En proceso',5),
(66,1,'2024-10-30 13:13:41',975,8615.2,9581.2,'Retirado',5),
(67,2,'2024-10-30 11:15:54',316,2718.2,9883.4,'Retirado',5),
(68,3,'2024-10-30 13:37:22',407,8053.7,3210.7,'En inspeccion',5),
(69,4,'2024-10-30 16:47:52',358,1677.4,6953.1,'Retirado',5),
(70,5,'2024-10-30 16:08:29',910,6875.2,6527.2,'En proceso',5),
(71,1,'2024-10-30 16:07:49',337,6330.5,1130,'Retirado',5),
(72,2,'2024-10-30 11:38:28',879,2970.6,8823.6,'En proceso',5),
(73,3,'2024-10-30 16:45:18',154,8313.6,9804.7,'En inspeccion',5),
(74,4,'2024-10-30 16:20:55',163,6223.3,8868.4,'Completado',5),
(75,5,'2024-10-30 12:09:37',573,8057.2,2236.8,'Completado',5),
(76,1,'2024-12-16 10:09:47',753,3993.9,6690.7,'Retirado',6),
(77,2,'2024-12-16 17:57:43',181,6816.4,9309.4,'Retirado',6),
(78,3,'2024-12-16 16:09:16',716,1396.6,5950.7,'Retirado',6),
(79,4,'2024-12-16 13:49:43',728,1227.5,6074.7,'En proceso',6),
(80,5,'2024-12-16 15:11:46',407,4679.3,4985.7,'En inspeccion',6),
(81,1,'2024-12-16 13:14:22',669,1850.2,9946,'Retirado',6),
(82,2,'2024-12-16 13:52:41',189,7620.4,6434.4,'Completado',6),
(83,3,'2024-12-16 14:55:25',903,4685.4,8436.6,'Completado',6),
(84,4,'2024-12-16 17:46:32',302,5986.6,4933.8,'Completado',6),
(85,5,'2024-12-16 13:59:17',496,6999.9,7687.7,'Completado',6),
(86,1,'2024-12-16 15:56:10',398,4332.7,3431.4,'Retirado',6),
(87,2,'2024-12-16 15:58:17',190,8938.9,4494.1,'Completado',6),
(88,3,'2024-12-16 17:54:26',540,8205.7,2437.6,'Completado',6),
(89,4,'2024-12-16 12:08:57',406,9446.5,9730.2,'Completado',6),
(90,5,'2024-12-16 17:04:35',703,5760.2,3556.3,'Completado',6),
(91,1,'2024-12-17 14:34:26',323,5903,6587.2,'En proceso',7),
(92,2,'2024-12-17 13:05:25',697,4976.2,4070.1,'Retirado',7),
(93,3,'2024-12-17 13:57:37',405,8788.2,5569.3,'Retirado',7),
(94,4,'2024-12-17 11:57:20',548,5021.7,9158.8,'Retirado',7),
(95,5,'2024-12-17 15:20:50',216,1725,3106.2,'Completado',7),
(96,1,'2024-12-17 17:08:37',888,1467.2,9018,'Completado',7),
(97,2,'2024-12-17 12:31:40',495,6266.5,6310.6,'Completado',7),
(98,3,'2024-12-17 16:28:41',649,2586.7,2045.2,'Completado',7),
(99,4,'2024-12-17 16:04:42',107,9950.3,8694.7,'En proceso',7),
(100,5,'2024-12-17 17:24:19',819,3993.9,4057.8,'Retirado',7),
(101,1,'2024-12-17 15:12:38',244,9133.5,6230.3,'En proceso',7),
(102,2,'2024-12-17 12:20:60',866,3109.7,4002.7,'En inspeccion',7),
(103,3,'2024-12-17 16:44:23',309,8584.7,2679.7,'Retirado',7),
(104,4,'2024-12-17 14:20:33',486,9160.1,8896.2,'Completado',7),
(105,5,'2024-12-18 17:12:17',478,5283.3,8347.2,'En inspeccion',7),
(106,1,'2024-12-18 10:59:25',723,1965,9665.4,'En inspeccion',8),
(107,2,'2024-12-18 17:47:21',405,8769.9,3360.8,'En proceso',8),
(108,3,'2024-12-18 13:47:44',501,9491.2,4655.8,'En proceso',8),
(109,4,'2024-12-18 15:49:32',611,1627.3,5481.6,'En inspeccion',8),
(110,5,'2024-12-18 10:59:15',566,4559.5,5849.5,'Completado',8),
(111,1,'2024-12-18 16:52:38',347,2187.2,1636.5,'Completado',8),
(112,2,'2024-12-18 13:04:29',137,7689.5,1886.7,'En proceso',8),
(113,3,'2024-12-18 14:57:44',641,6299.3,7504.6,'En inspeccion',8),
(114,4,'2024-12-18 11:02:40',143,3763,3084.3,'En proceso',8),
(115,5,'2024-12-18 14:23:49',789,4832.1,7860.2,'Retirado',8),
(116,1,'2024-12-18 10:36:59',146,4013,3040.6,'En inspeccion',8),
(117,2,'2024-12-18 13:04:46',799,8049,5488.6,'En proceso',8),
(118,3,'2024-12-18 10:47:51',680,1124.1,5741.6,'Retirado',8),
(119,4,'2024-12-18 12:08:15',869,8264.4,8336.8,'En proceso',8),
(120,5,'2024-12-18 12:54:45',434,6247.9,9463.3,'En proceso',8),
(121,1,'2024-12-19 10:41:23',230,6148.3,8929.1,'Completado',9),
(122,2,'2024-12-19 10:25:25',764,7414.4,8757,'Completado',9),
(123,3,'2024-12-19 10:11:31',720,1999.1,2166.3,'Retirado',9),
(124,4,'2024-12-19 11:25:57',520,1468.4,3285.2,'En inspeccion',9),
(125,5,'2024-12-19 10:29:57',758,5283.1,9218.5,'Completado',9),
(126,1,'2024-12-19 11:00:57',867,2865.3,2526.5,'Completado',9),
(127,2,'2024-12-19 17:56:58',238,9953.2,1440.3,'En inspeccion',9),
(128,3,'2024-12-19 16:11:12',480,2471.8,5531.2,'Completado',9),
(129,4,'2024-12-19 11:11:60',361,3446,1431.5,'Retirado',9),
(130,5,'2024-12-19 13:03:33',522,4854.1,5302.2,'En inspeccion',9),
(131,1,'2024-12-19 16:07:48',293,1068.2,9342.5,'En proceso',9),
(132,2,'2024-12-19 11:15:54',433,1970.4,8822,'En proceso',9),
(133,3,'2024-12-19 10:59:35',589,9215.8,2111.6,'Completado',9),
(134,4,'2024-12-19 12:14:17',549,3456,4861.7,'En inspeccion',9),
(135,5,'2024-12-19 11:18:50',342,5347,3935.5,'Retirado',9),
(136,1,'2024-12-20 17:59:58',659,5138.7,8754.6,'En proceso',10),
(137,2,'2024-12-20 10:50:53',427,5358.5,5047.7,'Completado',10),
(138,3,'2024-12-20 16:04:50',363,1839.6,8345.3,'En proceso',10),
(139,4,'2024-12-20 13:55:36',346,8190.3,6226.7,'En proceso',10),
(140,5,'2024-12-20 16:00:24',527,3087.2,8474.5,'En proceso',10),
(141,1,'2024-12-20 16:28:27',530,1475.6,4592.9,'En inspeccion',10),
(142,2,'2024-12-20 16:48:10',866,8596.7,4693.8,'Retirado',10),
(143,3,'2024-12-20 15:56:59',906,6999.4,3701,'En proceso',10),
(144,4,'2024-12-20 12:49:41',872,5403.9,5823.2,'En proceso',10),
(145,5,'2024-12-20 17:24:32',167,8591.6,3246.1,'Completado',10),
(146,1,'2024-12-20 17:54:48',124,9548.3,2641.5,'Retirado',10),
(147,2,'2024-12-20 17:44:26',809,4985.7,7976.5,'Retirado',10),
(148,3,'2024-12-20 12:18:43',679,2159.7,2974.4,'Retirado',10),
(149,4,'2024-12-20 14:34:30',159,7492.9,5766.2,'En proceso',10),
(150,5,'2024-12-20 12:51:33',262,6753.1,7704,'Retirado',10);

INSERT INTO Mezclados (id_proceso_recurrente,cod_mezclado,porcentaje_humedad,cantidad_agua, id_empleado, id_ejemplar_maquina, id_formulacion
) VALUES
(1,'MZ172185',0.84,413,2,58,1),
(2,'MZ531543',0.49,736,28,38,1),
(3,'MZ885828',0.65,445,8,18,1),
(4,'MZ260952',0.09,961,53,32,1),
(5,'MZ945728',0.72,161,49,50,1),
(16,'MZ162483',0.05,500,29,24,2),
(17,'MZ676605',0.17,239,43,40,2),
(18,'MZ032547',0.55,542,29,6,2),
(19,'MZ410497',0.16,429,14,54,2),
(20,'MZ031978',0.83,331,17,19,2),
(31,'MZ380852',0.13,165,1,52,3),
(32,'MZ918307',0.82,917,7,38,3),
(33,'MZ888075',0.27,875,23,56,3),
(34,'MZ844378',0.74,644,31,11,3),
(35,'MZ079799',0.79,763,49,38,3),
(46,'MZ013163',0.45,573,44,31,1),
(47,'MZ428929',0.87,846,47,5,1),
(48,'MZ613054',0.64,495,56,21,1),
(49,'MZ065159',0.84,104,28,13,1),
(50,'MZ486229',0.18,990,30,14,1),
(61,'MZ561352',0.84,789,48,54,2),
(62,'MZ068743',0.38,502,16,48,2),
(63,'MZ667714',0.59,297,48,5,2),
(64,'MZ831931',0.48,448,16,1,2),
(65,'MZ896400',0.52,745,51,14,2),
(76,'MZ757912',0.7,831,29,7,3),
(77,'MZ621626',0.76,417,29,50,3),
(78,'MZ674939',0.35,751,16,43,3),
(79,'MZ765945',0.87,864,18,54,3),
(80,'MZ710162',0.84,605,42,15,3),
(91,'MZ994874',0.62,995,29,42,1),
(92,'MZ759643',0.19,573,50,53,1),
(93,'MZ356802',0.52,798,19,7,1),
(94,'MZ673128',0.47,894,55,5,1),
(95,'MZ722466',0.38,418,48,24,1),
(106,'MZ632816',0.55,648,31,49,2),
(107,'MZ378560',0.01,194,16,57,2),
(108,'MZ917748',0.83,485,54,21,2),
(109,'MZ783451',0.99,688,25,25,2),
(110,'MZ960633',0.57,663,9,47,2),
(121,'MZ166626',0.19,530,42,44,3),
(122,'MZ168522',0.83,412,1,5,3),
(123,'MZ185973',0.32,624,18,40,3),
(124,'MZ987238',0.79,444,49,11,3),
(125,'MZ325549',0.92,218,44,57,3),
(136,'MZ542077',0.49,112,31,40,1),
(137,'MZ991702',0.01,651,21,44,1),
(138,'MZ635447',0.39,844,59,33,1),
(139,'MZ438503',0.2,152,54,27,1),
(140,'MZ019512',0.63,321,36,46,1);

INSERT INTO TiposBoquilla (cod_tipo_boquilla, descripcion) VALUES 
('MLD01', 'Tornillo'),
('MLD02', 'Canuto'),
('MLD03', 'Spaghetti'),
('MLD04', 'Tagliatelle'),
('MLD05', 'Codo');


INSERT INTO Moldeados (id_proceso_recurrente,cod_moldeado,tipo_boquilla,presion,velocidad_corte,tamano_corte, id_empleado, id_ejemplar_maquina
) VALUES
(6,'MD536885','MLD01',732.64,938.02,524.22,6,4),
(7,'MD045107','MLD01',166.5,156.07,917.5,40,58),
(8,'MD956016','MLD01',449.06,151.47,772.44,30,25),
(9,'MD813964','MLD01',561.65,716.67,671.05,7,54),
(10,'MD922066','MLD01',331.97,594.93,721.06,29,29),
(21,'MD757324','MLD02',534.85,196.26,672.96,60,24),
(22,'MD846322','MLD02',827.9,699.44,757.18,21,8),
(23,'MD847638','MLD02',971.99,680.64,718.22,58,23),
(24,'MD959157','MLD02',135.63,446.09,302.29,21,50),
(25,'MD067099','MLD02',752.26,854.6,370.15,21,4),
(36,'MD398793','MLD03',893.96,974.92,753.83,40,50),
(37,'MD688414','MLD03',392.09,255.56,128.3,46,20),
(38,'MD152678','MLD03',255.5,835.2,757.01,53,57),
(39,'MD326874','MLD03',500.29,787.61,861.28,36,60),
(40,'MD046953','MLD03',433.6,354.19,474.25,29,43),
(51,'MD297105','MLD04',571.68,154.74,733.12,54,39),
(52,'MD680599','MLD04',525.82,495.39,726.67,24,37),
(53,'MD001161','MLD04',260.6,884.71,731.92,7,56),
(54,'MD790435','MLD04',986.43,188.66,878.08,24,56),
(55,'MD426586','MLD04',938.92,506.38,993.69,51,35),
(66,'MD760298','MLD05',561.28,948.36,540.81,24,13),
(67,'MD342695','MLD05',850.59,284.26,972.47,20,53),
(68,'MD117700','MLD05',597.94,434.42,133.99,12,35),
(69,'MD646368','MLD05',281.91,906.76,841.25,36,55),
(70,'MD556291','MLD05',384.86,884.67,881.36,44,47),
(81,'MD445137','MLD01',361.83,391.32,364.93,48,11),
(82,'MD009685','MLD01',199.83,115.23,824.71,1,40),
(83,'MD461952','MLD01',400.89,276.24,158.37,33,26),
(84,'MD406397','MLD01',543.4,839.17,663.04,11,49),
(85,'MD066868','MLD01',142.04,509.47,895.74,49,22),
(96,'MD218561','MLD02',489.71,659.78,984.75,14,37),
(97,'MD575944','MLD02',841.56,102.99,846.47,18,29),
(98,'MD942308','MLD02',159.22,755.37,517.81,13,35),
(99,'MD962341','MLD02',701.13,694.75,722,20,36),
(100,'MD064742','MLD02',762.88,451.29,484.08,23,16),
(111,'MD074786','MLD03',110.02,172.03,994.88,24,36),
(112,'MD294166','MLD03',254.13,254.94,397.9,8,18),
(113,'MD430723','MLD03',345.57,285.53,597.68,53,25),
(114,'MD266502','MLD03',550.04,762.29,965.56,1,56),
(115,'MD001737','MLD03',246.73,705.65,439.72,43,4),
(126,'MD747919','MLD04',469.72,450.02,763.32,51,23),
(127,'MD104638','MLD04',526.33,968.44,381.16,50,31),
(128,'MD356994','MLD04',517.74,521.12,871.36,57,21),
(129,'MD240909','MLD04',720.18,454.78,502.37,28,43),
(130,'MD414602','MLD04',731,126.59,292.64,23,55);


INSERT INTO Secados (id_proceso_recurrente,cod_secado,numero_bandejas,temperatura_inicial,temperatura_final,porcentaje_humedad, id_empleado, id_ejemplar_maquina
)VALUES
(11,'SC319437',24,910.743,158.16,0.18,1,3),
(12,'SC949645',24,732.264,899.125,0.74,1,56),
(13,'SC495938',24,693.792,499.408,0.06,42,42),
(14,'SC274247',24,503.003,282.28,0.44,8,4),
(15,'SC535174',24,978.914,387.826,0.23,17,33),
(26,'SC958679',24,813.076,313.635,0.74,31,20),
(27,'SC514907',24,230.177,930.619,0.06,7,22),
(28,'SC863709',24,799.567,877.598,0.71,24,19),
(29,'SC349194',24,369.759,698.431,0.22,47,10),
(30,'SC042821',24,531.57,437.921,0.46,22,6),
(41,'SC622219',24,193.736,715.916,1,25,9),
(42,'SC949208',24,407.896,987.779,0.8,54,40),
(43,'SC538226',24,248.02,532.759,0.96,4,25),
(44,'SC757068',24,687.16,942.057,0.95,54,40),
(45,'SC544294',24,721.057,673.809,0.85,30,24),
(56,'SC487401',24,309.509,446.968,0.69,2,41),
(57,'SC200778',24,239.893,945.734,0.62,4,53),
(58,'SC626301',24,215.292,705.918,0.9,7,21),
(59,'SC757847',24,671.407,892.226,0.84,33,18),
(60,'SC292312',24,378.85,793.764,0.29,24,40),
(71,'SC911146',24,284.066,795.098,0.12,3,45),
(72,'SC428165',24,456.516,874.736,0.14,11,21),
(73,'SC027811',24,895.456,835.642,0.29,32,18),
(74,'SC888586',24,214.572,952.876,0.79,51,29),
(75,'SC000511',24,476.509,432.888,0.87,18,49),
(86,'SC571129',24,305.747,616.201,0.24,35,39),
(87,'SC637232',24,117.984,867.851,0.95,47,12),
(88,'SC857687',24,830.125,656.455,0.05,54,22),
(89,'SC944036',24,561.389,544.788,0.23,18,23),
(90,'SC129248',24,151.843,632.466,0.09,45,11),
(101,'SC973774',24,497.88,818.256,0.63,35,42),
(102,'SC033880',24,736.397,532.334,0.24,22,49),
(103,'SC996733',24,494.069,435.422,0.26,16,17),
(104,'SC616539',24,277.352,828.853,0.65,53,15),
(105,'SC365846',24,324.667,700.507,0.95,30,42),
(116,'SC364664',24,621.995,471.202,0.82,5,58),
(117,'SC260373',24,976.861,840.745,0.9,37,18),
(118,'SC047528',24,814.804,457.522,0.3,36,30),
(119,'SC174555',24,252.844,416.227,0.38,60,16),
(120,'SC461203',24,588.423,793.976,0.77,23,22),
(131,'SC929006',24,594.081,146.164,0.4,19,27),
(132,'SC606478',24,858.271,636.36,0.75,22,26),
(133,'SC922036',24,267.618,156.282,0.92,46,18),
(134,'SC707248',24,907.63,730.656,0.79,54,10),
(135,'SC290573',24,914.629,537.047,0.41,37,46);

INSERT INTO Envasados (id_envasado,cod_envasado,fecha_proceso,numero_batch,tipo_envase,tiempo_proceso,peso,estado, id_lote_producto, id_empleado
)VALUES
(1,'EV823297','2024-09-07 17:28:31',1,'Bolsa de plastico',142,3665,'Retirado',1,59),
(2,'EV576857','2025-03-03 14:57:57',1,'Bolsa de plastico',432,6424,'Completado',2,40),
(3,'EV059962','2025-01-17 13:44:10',1,'Bolsa de plastico',352,4719,'En inspeccion',3,3),
(4,'EV360460','2024-06-10 17:44:44',1,'Bolsa de plastico',585,1799,'En proceso',4,29),
(5,'EV367192','2024-08-01 14:02:29',1,'Caja de carton',755,2708,'En inspeccion',5,37),
(6,'EV255064','2025-02-05 13:23:17',1,'Caja de carton',438,8540,'En proceso',6,59),
(7,'EV001761','2024-06-09 14:45:10',1,'Caja de carton',800,8112,'Retirado',7,53),
(8,'EV431984','2025-04-02 11:42:12',1,'Caja de carton',532,4812,'Completado',8,45),
(9,'EV899830','2024-09-10 10:24:16',1,'Bolsa de plastico',739,3950,'Retirado',9,47),
(10,'EV536378','2025-02-05 13:45:47',1,'Caja de carton',337,3920,'Retirado',10,51),
(11,'EV240375','2024-12-15 15:11:25',1,'Caja de carton',944,6608,'Retirado',11,29),
(12,'EV060030','2025-01-10 17:48:44',1,'Caja de carton',478,5839,'En inspeccion',12,13),
(13,'EV882058','2024-09-15 16:37:16',1,'Caja de carton',532,7380,'En proceso',13,42),
(14,'EV048427','2024-12-13 10:00:19',1,'Bolsa de plastico',776,5536,'En proceso',14,15),
(15,'EV117553','2025-04-17 17:43:57',1,'Bolsa de plastico',858,5207,'En proceso',15,55),
(16,'EV378218','2025-02-25 13:36:43',1,'Caja de carton',259,4634,'Completado',16,54),
(17,'EV373272','2024-11-11 14:26:12',1,'Caja de carton',518,1429,'Completado',17,54),
(18,'EV994938','2025-02-02 14:15:42',1,'Caja de carton',380,2471,'En proceso',18,11),
(19,'EV305930','2024-10-17 12:35:42',1,'Caja de carton',699,2692,'Completado',19,19),
(20,'EV453055','2024-12-10 14:01:48',1,'Caja de carton',106,6085,'En proceso',20,39),
(21,'EV098203','2024-12-07 15:42:49',1,'Caja de carton',773,3539,'Retirado',21,8),
(22,'EV255260','2024-05-14 11:58:29',1,'Caja de carton',206,6422,'En proceso',22,16),
(23,'EV161947','2025-02-21 11:31:32',1,'Caja de carton',785,4612,'Completado',23,33),
(24,'EV788215','2025-04-03 12:29:33',1,'Bolsa de plastico',986,1331,'En proceso',24,7),
(25,'EV188579','2024-10-19 14:16:60',1,'Caja de carton',194,4572,'En inspeccion',25,56),
(26,'EV338973','2024-07-19 11:21:23',1,'Bolsa de plastico',250,2483,'Retirado',26,51),
(27,'EV407468','2024-10-28 15:26:26',1,'Caja de carton',201,3937,'En proceso',27,19),
(28,'EV332898','2024-09-17 17:44:42',1,'Bolsa de plastico',102,3512,'En inspeccion',28,31),
(29,'EV717254','2024-10-29 15:55:25',1,'Caja de carton',929,3374,'Completado',29,23),
(30,'EV862576','2025-03-20 12:13:13',1,'Bolsa de plastico',414,1783,'Completado',30,33),
(31,'EV511781','2024-09-17 17:48:13',1,'Caja de carton',882,9349,'Completado',31,41),
(32,'EV240354','2025-03-11 13:47:58',1,'Caja de carton',687,9396,'Retirado',32,30),
(33,'EV714972','2025-03-25 13:22:24',1,'Caja de carton',228,5122,'Retirado',33,50),
(34,'EV869266','2024-05-07 10:19:44',1,'Bolsa de plastico',893,7954,'En inspeccion',34,47),
(35,'EV721006','2024-07-19 17:49:59',1,'Caja de carton',130,3308,'Completado',35,12),
(36,'EV122051','2024-10-23 15:30:33',1,'Bolsa de plastico',818,7554,'Retirado',36,46),
(37,'EV868174','2025-03-10 17:46:46',1,'Bolsa de plastico',755,5566,'Completado',37,26),
(38,'EV758765','2024-07-14 14:14:36',1,'Bolsa de plastico',468,9263,'Retirado',38,41),
(39,'EV239531','2024-05-09 14:54:56',1,'Bolsa de plastico',681,7789,'En inspeccion',39,57),
(40,'EV614936','2024-06-28 12:28:43',1,'Bolsa de plastico',657,8845,'Completado',40,7),
(41,'EV986258','2025-02-20 13:09:52',1,'Bolsa de plastico',827,4097,'En proceso',41,12),
(42,'EV124629','2024-10-12 17:43:33',1,'Bolsa de plastico',799,8030,'En proceso',42,5),
(43,'EV130675','2025-03-09 11:13:23',1,'Caja de carton',687,2339,'Completado',43,18),
(44,'EV520094','2024-11-30 10:04:17',1,'Caja de carton',947,8962,'Retirado',44,35),
(45,'EV914809','2024-10-19 17:16:56',1,'Bolsa de plastico',743,2779,'Retirado',45,33),
(46,'EV219483','2024-11-25 10:18:53',1,'Caja de carton',136,3490,'Retirado',46,31),
(47,'EV279185','2025-04-07 17:19:24',1,'Caja de carton',727,3312,'En proceso',47,32),   
(48,'EV000455','2024-05-02 10:27:50',1,'Bolsa de plastico',348,1568,'En inspeccion',48,35),
(49,'EV222994','2025-03-16 14:12:36',1,'Caja de carton',268,1358,'Retirado',49,37),
(50,'EV054576','2025-01-15 11:50:51',1,'Bolsa de plastico',527,8680,'Retirado',50,38);